id,customer_id,template_id,status,coach_notes,assigned_at,submitted_at,reviewed_at,dismissed_at,dismiss_reason,project_id,archived_at,is_test_data
df2b4ed3-19d0-4c08-b113-99cb3c98e324,ecf85c9f-1222-42fb-8284-a59cdbcb8c18,ffa1f867-7222-4776-8537-b976ad0556f9,pending,"",2026-06-06 17:35:56.773747+00,,,,,,,f
b9dbeb2c-f42d-4f01-b832-95cd91377057,ecf85c9f-1222-42fb-8284-a59cdbcb8c18,f2ee34be-4815-485f-a5bd-3f69de9dbcd5,pending,"",2026-06-06 17:36:12.603616+00,,,,,,,f
1233508b-2534-4d6d-98dd-51c6e1b12e96,ecf85c9f-1222-42fb-8284-a59cdbcb8c18,c24c380b-d81f-43d3-a750-a59961a114ff,pending,"",2026-06-06 17:36:17.595379+00,,,,,,,f
9980a58e-5b47-4650-b2cf-3c30b05fade4,ecf85c9f-1222-42fb-8284-a59cdbcb8c18,7e83a568-717b-4f95-a388-f1045940d91f,pending,"",2026-06-06 17:36:24.023075+00,,,,,,,f
e1f45ad3-708f-40f5-b15c-f1e453044bed,784e956c-6de5-4b53-985d-8fff424fe1c8,3189d0f4-0fec-45f2-86e4-dadbc2967e68,reviewed,"",2026-06-13 05:19:21.593609+00,2026-06-13 05:19:29.517308+00,2026-06-13 05:19:29.548777+00,,,,,f
ad52ae3b-5a07-44e3-901a-c1b3d41976a6,ecf85c9f-1222-42fb-8284-a59cdbcb8c18,74b33a37-59b5-4f2a-9248-b81cbbc36c1e,reviewed,"",2026-06-06 17:35:54.122369+00,2026-06-06 18:24:29.240397+00,2026-06-06 18:24:29.358679+00,,,,,f
f1665a0c-f64a-487c-b011-47788caed79d,784e956c-6de5-4b53-985d-8fff424fe1c8,7e83a568-717b-4f95-a388-f1045940d91f,dismissed,"",2026-06-06 17:41:25.984405+00,,,2026-06-06 20:40:16.826713+00,"",,,f
cfae0b1d-53e9-40f0-b263-3810ab19476a,784e956c-6de5-4b53-985d-8fff424fe1c8,51905a02-7307-4279-8ee4-d838fefb99f2,reviewed,"",2026-06-14 05:20:01.682141+00,2026-06-14 05:20:08.741358+00,2026-06-14 05:20:08.765011+00,,,,,f
d3949252-5e73-436e-b0ae-c45f94c6cbb3,784e956c-6de5-4b53-985d-8fff424fe1c8,8b99f6ae-7571-454e-9000-4e336a585d59,reviewed,"",2026-06-13 05:15:42.648504+00,2026-06-13 05:16:36.983704+00,2026-06-13 05:16:37.297239+00,,,,,f
ed7d3708-d306-4328-8cfa-5d1d52fc0988,784e956c-6de5-4b53-985d-8fff424fe1c8,8b99f6ae-7571-454e-9000-4e336a585d59,reviewed,"",2026-06-14 05:17:11.96159+00,2026-06-14 05:18:02.365761+00,2026-06-14 05:18:02.649484+00,,,,,f
609b21a2-02a1-4571-ac2d-d278e4b5ae9c,784e956c-6de5-4b53-985d-8fff424fe1c8,985d72a7-d4e1-4859-9fd6-d3fb7c35f55c,reviewed,"",2026-06-13 05:16:42.647028+00,2026-06-13 05:16:50.395754+00,2026-06-13 05:16:50.422922+00,,,,,f
6542da69-003c-42ce-9ae9-df0cc8e2433c,784e956c-6de5-4b53-985d-8fff424fe1c8,74b33a37-59b5-4f2a-9248-b81cbbc36c1e,reviewed,"",2026-06-13 05:16:55.882627+00,2026-06-13 05:17:04.436304+00,2026-06-13 05:17:04.474922+00,,,,,f
895a3896-5fb3-40bc-a9df-c2613659c254,784e956c-6de5-4b53-985d-8fff424fe1c8,985d72a7-d4e1-4859-9fd6-d3fb7c35f55c,reviewed,"",2026-06-14 05:18:09.369726+00,2026-06-14 05:18:16.097675+00,2026-06-14 05:18:16.133016+00,,,,,f
2c743833-3b29-4243-889e-c962fe328339,784e956c-6de5-4b53-985d-8fff424fe1c8,ffa1f867-7222-4776-8537-b976ad0556f9,reviewed,"",2026-06-13 05:17:11.439735+00,2026-06-13 05:17:17.926592+00,2026-06-13 05:17:17.948955+00,,,,,f
25582ea8-84b4-4e32-aeea-6169a7b63221,784e956c-6de5-4b53-985d-8fff424fe1c8,f81a349a-4d83-4d8a-8c54-b04862b4d63c,reviewed,"",2026-06-14 05:20:14.103783+00,2026-06-14 05:20:22.376047+00,2026-06-14 05:20:22.409451+00,,,,,f
0764cf43-d4c0-46ec-bd98-ebea66ea36f9,784e956c-6de5-4b53-985d-8fff424fe1c8,50f36133-dac0-454a-8d0c-41b9877c387d,reviewed,"",2026-06-13 05:17:23.844677+00,2026-06-13 05:17:29.432834+00,2026-06-13 05:17:29.455417+00,,,,,f
a08e2eb1-7ab1-4c36-8bd1-418f24554cd9,784e956c-6de5-4b53-985d-8fff424fe1c8,74b33a37-59b5-4f2a-9248-b81cbbc36c1e,reviewed,"",2026-06-14 05:18:21.983705+00,2026-06-14 05:18:30.576964+00,2026-06-14 05:18:30.616406+00,,,,,f
43f53a63-f891-4480-bc5b-7d5037b11f8e,784e956c-6de5-4b53-985d-8fff424fe1c8,73cb0edc-6ad8-442c-bcf7-0e951cbd151d,reviewed,"",2026-06-13 05:17:35.70087+00,2026-06-13 05:17:41.836508+00,2026-06-13 05:17:41.861173+00,,,,,f
344d9cec-72f0-459a-a424-4fd81a056aa4,784e956c-6de5-4b53-985d-8fff424fe1c8,8b99f6ae-7571-454e-9000-4e336a585d59,in_progress,"",2026-06-15 03:53:04.28234+00,,,,,,,f
8de769a6-ee4e-4e28-b9f8-ae1e1ed71622,784e956c-6de5-4b53-985d-8fff424fe1c8,50f36133-dac0-454a-8d0c-41b9877c387d,reviewed,"",2026-06-15 01:24:56.126191+00,2026-06-15 01:25:02.755767+00,2026-06-15 01:25:03.003608+00,,,,,f
54b619f6-225a-414c-9e66-91278394bf52,784e956c-6de5-4b53-985d-8fff424fe1c8,923a2cde-4be7-4083-a32b-d5548312542c,reviewed,"",2026-06-13 05:17:48.728355+00,2026-06-13 05:17:58.301533+00,2026-06-13 05:17:58.347227+00,,,,,f
6b6d6bd8-82d4-4a8a-8448-2638a4e8aba3,784e956c-6de5-4b53-985d-8fff424fe1c8,ffa1f867-7222-4776-8537-b976ad0556f9,reviewed,"",2026-06-14 05:18:37.129292+00,2026-06-14 05:18:43.19525+00,2026-06-14 05:18:43.216209+00,,,,,f
b6650a49-025e-4271-a744-06e0f1bf7680,784e956c-6de5-4b53-985d-8fff424fe1c8,c24c380b-d81f-43d3-a750-a59961a114ff,reviewed,"",2026-06-13 05:18:04.671339+00,2026-06-13 05:18:16.281483+00,2026-06-13 05:18:16.342507+00,,,,,f
a35ced3a-b064-4120-a348-969025ef9a63,784e956c-6de5-4b53-985d-8fff424fe1c8,7e83a568-717b-4f95-a388-f1045940d91f,reviewed,"",2026-06-14 05:20:28.750297+00,2026-06-14 05:20:35.725561+00,2026-06-14 05:20:35.756129+00,,,,,f
f01ebac2-0abe-4fde-bc2f-fb9360d2feee,784e956c-6de5-4b53-985d-8fff424fe1c8,b85d3b51-3ba4-4266-9ca2-c55c18c02423,reviewed,"",2026-06-13 05:18:22.405411+00,2026-06-13 05:18:33.772975+00,2026-06-13 05:18:33.817731+00,,,,,f
3b1dfd50-3834-4810-8c65-11dc166f331e,784e956c-6de5-4b53-985d-8fff424fe1c8,50f36133-dac0-454a-8d0c-41b9877c387d,reviewed,"",2026-06-14 05:18:49.586293+00,2026-06-14 05:18:55.673939+00,2026-06-14 05:18:55.693338+00,,,,,f
c153d5af-a2cd-4b08-b265-8901e24cc659,784e956c-6de5-4b53-985d-8fff424fe1c8,51905a02-7307-4279-8ee4-d838fefb99f2,reviewed,"",2026-06-13 05:18:39.847686+00,2026-06-13 05:18:45.487284+00,2026-06-13 05:18:45.583562+00,,,,,f
ae30d5e7-545d-402a-9ee0-9b35207ca44b,784e956c-6de5-4b53-985d-8fff424fe1c8,51905a02-7307-4279-8ee4-d838fefb99f2,reviewed,"",2026-06-15 01:26:40.663562+00,2026-06-15 01:26:47.124482+00,2026-06-15 01:26:47.371565+00,,,,,f
5ff7662d-3385-4eb9-91ca-bdb6b2816ae0,784e956c-6de5-4b53-985d-8fff424fe1c8,f81a349a-4d83-4d8a-8c54-b04862b4d63c,reviewed,"",2026-06-13 05:18:52.627522+00,2026-06-13 05:19:01.46074+00,2026-06-13 05:19:01.505782+00,,,,,f
f1f7b2a0-bdd9-4dac-95f3-e11109795921,784e956c-6de5-4b53-985d-8fff424fe1c8,73cb0edc-6ad8-442c-bcf7-0e951cbd151d,reviewed,"",2026-06-14 05:19:01.109708+00,2026-06-14 05:19:07.825335+00,2026-06-14 05:19:07.848906+00,,,,,f
29aefd31-fccb-49d6-b1f5-9b286de62dc2,784e956c-6de5-4b53-985d-8fff424fe1c8,7e83a568-717b-4f95-a388-f1045940d91f,reviewed,"",2026-06-13 05:19:07.317344+00,2026-06-13 05:19:14.681957+00,2026-06-13 05:19:14.707999+00,,,,,f
ee397070-310a-4000-921b-7a995b3ef428,784e956c-6de5-4b53-985d-8fff424fe1c8,3189d0f4-0fec-45f2-86e4-dadbc2967e68,reviewed,"",2026-06-14 05:20:41.997544+00,2026-06-14 05:20:48.693518+00,2026-06-14 05:20:48.723303+00,,,,,f
cae84e07-f24f-4d3f-b0f1-35ee0786a175,784e956c-6de5-4b53-985d-8fff424fe1c8,923a2cde-4be7-4083-a32b-d5548312542c,reviewed,"",2026-06-14 05:19:14.245701+00,2026-06-14 05:19:22.993396+00,2026-06-14 05:19:23.03724+00,,,,,f
a61ff494-86ee-4500-b191-58f7fd6d26c8,784e956c-6de5-4b53-985d-8fff424fe1c8,73cb0edc-6ad8-442c-bcf7-0e951cbd151d,reviewed,"",2026-06-15 01:25:09.900312+00,2026-06-15 01:25:17.960571+00,2026-06-15 01:25:18.206529+00,,,,,f
59b7603e-9be9-40b1-945a-6255b904693d,784e956c-6de5-4b53-985d-8fff424fe1c8,8b99f6ae-7571-454e-9000-4e336a585d59,reviewed,"",2026-06-15 01:22:55.219284+00,2026-06-15 01:24:00.440075+00,2026-06-15 01:24:03.42925+00,,,,,f
6990fc63-7d46-4414-ad80-36ee1b306bd2,784e956c-6de5-4b53-985d-8fff424fe1c8,c24c380b-d81f-43d3-a750-a59961a114ff,reviewed,"",2026-06-14 05:19:29.303041+00,2026-06-14 05:19:39.359519+00,2026-06-14 05:19:39.410446+00,,,,,f
4278a904-3a26-4fc4-b894-093ab85cb0bc,784e956c-6de5-4b53-985d-8fff424fe1c8,b85d3b51-3ba4-4266-9ca2-c55c18c02423,reviewed,"",2026-06-14 05:19:45.802556+00,2026-06-14 05:19:55.222042+00,2026-06-14 05:19:55.272315+00,,,,,f
4b1ebdd4-e53c-4c5b-9cbc-6a11c5ef8bc5,784e956c-6de5-4b53-985d-8fff424fe1c8,985d72a7-d4e1-4859-9fd6-d3fb7c35f55c,reviewed,"",2026-06-15 01:24:10.663061+00,2026-06-15 01:24:17.935386+00,2026-06-15 01:24:18.208481+00,,,,,f
0323cc3b-20d0-487e-92d7-36722ed0dc2e,784e956c-6de5-4b53-985d-8fff424fe1c8,923a2cde-4be7-4083-a32b-d5548312542c,reviewed,"",2026-06-15 01:25:27.263353+00,2026-06-15 01:25:39.175432+00,2026-06-15 01:25:39.618147+00,,,,,f
db111cd5-7502-43d1-8f8e-cc2d4838909c,784e956c-6de5-4b53-985d-8fff424fe1c8,74b33a37-59b5-4f2a-9248-b81cbbc36c1e,reviewed,"",2026-06-15 01:24:25.40771+00,2026-06-15 01:24:35.21006+00,2026-06-15 01:24:35.591823+00,,,,,f
a374b4bb-287b-4a93-9d8f-4c368be53943,784e956c-6de5-4b53-985d-8fff424fe1c8,f81a349a-4d83-4d8a-8c54-b04862b4d63c,reviewed,"",2026-06-15 01:26:54.51626+00,2026-06-15 01:27:03.632451+00,2026-06-15 01:27:04.014681+00,,,,,f
81a735d6-904e-4fd7-8453-0a7521db46eb,784e956c-6de5-4b53-985d-8fff424fe1c8,ffa1f867-7222-4776-8537-b976ad0556f9,reviewed,"",2026-06-15 01:24:42.615504+00,2026-06-15 01:24:49.213658+00,2026-06-15 01:24:49.458501+00,,,,,f
5e258bdf-2a6a-46e7-8596-c5b11ed8573b,784e956c-6de5-4b53-985d-8fff424fe1c8,c24c380b-d81f-43d3-a750-a59961a114ff,reviewed,"",2026-06-15 01:25:53.532764+00,2026-06-15 01:26:08.144393+00,2026-06-15 01:26:08.690468+00,,,,,f
ae08c99d-60e4-4aed-8809-073290accdba,784e956c-6de5-4b53-985d-8fff424fe1c8,c24c380b-d81f-43d3-a750-a59961a114ff,reviewed,"",2026-06-15 04:37:37.956273+00,2026-06-15 04:37:49.438277+00,2026-06-15 04:37:49.998785+00,,,,,f
7f0c6099-db6e-46dc-894a-02c01d52097a,784e956c-6de5-4b53-985d-8fff424fe1c8,8b99f6ae-7571-454e-9000-4e336a585d59,reviewed,"",2026-06-15 04:34:55.270537+00,2026-06-15 04:35:56.106033+00,2026-06-15 04:35:59.109367+00,,,,,f
1b2fd91d-f321-4729-8b2f-73804c4fa17b,784e956c-6de5-4b53-985d-8fff424fe1c8,b85d3b51-3ba4-4266-9ca2-c55c18c02423,reviewed,"",2026-06-15 01:26:20.63954+00,2026-06-15 01:26:32.974988+00,2026-06-15 01:26:33.482904+00,,,,,f
1a14f8c9-fe49-47c6-8ea5-200ea3f2ab09,784e956c-6de5-4b53-985d-8fff424fe1c8,7e83a568-717b-4f95-a388-f1045940d91f,reviewed,"",2026-06-15 01:27:11.645746+00,2026-06-15 01:27:19.416145+00,2026-06-15 01:27:19.712452+00,,,,,f
aba3adb8-58cb-4c8f-9b18-f09a6b66fd64,784e956c-6de5-4b53-985d-8fff424fe1c8,74b33a37-59b5-4f2a-9248-b81cbbc36c1e,reviewed,"",2026-06-15 04:36:21.103133+00,2026-06-15 04:36:30.648531+00,2026-06-15 04:36:31.032486+00,,,,,f
8e4fd4e7-4ce8-4a3f-9a8c-3cae4c104815,784e956c-6de5-4b53-985d-8fff424fe1c8,3189d0f4-0fec-45f2-86e4-dadbc2967e68,reviewed,"",2026-06-15 01:27:30.61468+00,2026-06-15 01:27:38.361498+00,2026-06-15 01:27:38.694165+00,,,,,f
c14f2846-4c0f-4bd0-beb0-d04018c8d7ce,784e956c-6de5-4b53-985d-8fff424fe1c8,985d72a7-d4e1-4859-9fd6-d3fb7c35f55c,reviewed,"",2026-06-15 04:36:06.339167+00,2026-06-15 04:36:13.511571+00,2026-06-15 04:36:13.787643+00,,,,,f
bc22d7ea-7f3d-4248-9d44-024bcdf4d1f5,784e956c-6de5-4b53-985d-8fff424fe1c8,73cb0edc-6ad8-442c-bcf7-0e951cbd151d,reviewed,"",2026-06-15 04:37:06.036505+00,2026-06-15 04:37:13.231372+00,2026-06-15 04:37:13.48161+00,,,,,f
ba5ddc53-4629-477a-b969-c622f7099f01,784e956c-6de5-4b53-985d-8fff424fe1c8,50f36133-dac0-454a-8d0c-41b9877c387d,reviewed,"",2026-06-15 04:36:52.012859+00,2026-06-15 04:36:58.680343+00,2026-06-15 04:36:58.928996+00,,,,,f
22b76efd-ac5d-4899-9c27-afbe3856cf3b,784e956c-6de5-4b53-985d-8fff424fe1c8,ffa1f867-7222-4776-8537-b976ad0556f9,reviewed,"",2026-06-15 04:36:38.009824+00,2026-06-15 04:36:44.788812+00,2026-06-15 04:36:45.036164+00,,,,,f
e68d495c-380b-48c5-9e4c-d74e4e42cef0,784e956c-6de5-4b53-985d-8fff424fe1c8,923a2cde-4be7-4083-a32b-d5548312542c,reviewed,"",2026-06-15 04:37:20.275513+00,2026-06-15 04:37:30.098058+00,2026-06-15 04:37:30.554953+00,,,,,f
0c0a1704-9b99-449b-88c9-322536c2ac84,784e956c-6de5-4b53-985d-8fff424fe1c8,b85d3b51-3ba4-4266-9ca2-c55c18c02423,reviewed,"",2026-06-15 04:37:57.388893+00,2026-06-15 04:38:08.984362+00,2026-06-15 04:38:09.49472+00,,,,,f
d8ccdb74-4802-487d-8bb1-4b589e4f45cf,784e956c-6de5-4b53-985d-8fff424fe1c8,51905a02-7307-4279-8ee4-d838fefb99f2,reviewed,"",2026-06-15 04:38:17.049807+00,2026-06-15 04:38:23.222073+00,2026-06-15 04:38:23.46663+00,,,,,f
fd6bc0dc-dd95-4379-b1fd-7c0bcfd8409f,784e956c-6de5-4b53-985d-8fff424fe1c8,f81a349a-4d83-4d8a-8c54-b04862b4d63c,reviewed,"",2026-06-15 04:38:30.629544+00,2026-06-15 04:38:39.581612+00,2026-06-15 04:38:39.977605+00,,,,,f
c82bb4ec-92b0-44b5-880c-54926ab0033c,784e956c-6de5-4b53-985d-8fff424fe1c8,7e83a568-717b-4f95-a388-f1045940d91f,reviewed,"",2026-06-15 04:38:47.376041+00,2026-06-15 04:38:54.93005+00,2026-06-15 04:38:55.23416+00,,,,,f
76cc90e5-2ff2-4388-880d-c2014e781577,784e956c-6de5-4b53-985d-8fff424fe1c8,3189d0f4-0fec-45f2-86e4-dadbc2967e68,reviewed,"",2026-06-15 04:39:02.637658+00,2026-06-15 04:39:10.457086+00,2026-06-15 04:39:10.785523+00,,,,,f
960ef670-e874-4145-996c-da857ec6c964,784e956c-6de5-4b53-985d-8fff424fe1c8,8b99f6ae-7571-454e-9000-4e336a585d59,reviewed,"",2026-06-15 05:19:29.686362+00,2026-06-15 05:20:32.270551+00,2026-06-15 05:20:35.260824+00,,,,,f
ef5281f2-b465-4b71-970f-9918f9666cb8,784e956c-6de5-4b53-985d-8fff424fe1c8,8b99f6ae-7571-454e-9000-4e336a585d59,reviewed,"",2026-06-15 08:37:29.6209+00,2026-06-15 08:38:30.934434+00,2026-06-15 08:38:33.935013+00,,,,,f
4ea8cba9-4821-4669-b2a6-4dc3f23ff9a1,784e956c-6de5-4b53-985d-8fff424fe1c8,985d72a7-d4e1-4859-9fd6-d3fb7c35f55c,reviewed,"",2026-06-15 05:20:42.596603+00,2026-06-15 05:20:50.090798+00,2026-06-15 05:20:50.366986+00,,,,,f
f5bf1bc1-6214-4a22-9595-9899ca0f02f2,784e956c-6de5-4b53-985d-8fff424fe1c8,ffa1f867-7222-4776-8537-b976ad0556f9,reviewed,"",2026-06-15 06:29:08.266587+00,2026-06-15 06:29:15.575253+00,2026-06-15 06:29:15.823016+00,,,,,f
236f9330-196f-4708-9c29-58900cd88899,784e956c-6de5-4b53-985d-8fff424fe1c8,74b33a37-59b5-4f2a-9248-b81cbbc36c1e,reviewed,"",2026-06-15 05:20:57.56437+00,2026-06-15 05:21:06.787186+00,2026-06-15 05:21:07.171335+00,,,,,f
4ebbed4a-2ef4-4993-b788-ce40ed11589a,784e956c-6de5-4b53-985d-8fff424fe1c8,ffa1f867-7222-4776-8537-b976ad0556f9,reviewed,"",2026-06-15 05:21:13.951879+00,2026-06-15 05:21:20.521095+00,2026-06-15 05:21:20.767722+00,,,,,f
0d3a3c7c-8155-4c5f-bc5c-48ab155de544,784e956c-6de5-4b53-985d-8fff424fe1c8,8b99f6ae-7571-454e-9000-4e336a585d59,reviewed,"",2026-06-15 14:08:40.306768+00,2026-06-15 14:09:46.34184+00,2026-06-15 14:09:49.34059+00,,,,,f
064df3c4-d4f7-42c9-9d79-134033a280e0,784e956c-6de5-4b53-985d-8fff424fe1c8,50f36133-dac0-454a-8d0c-41b9877c387d,reviewed,"",2026-06-15 06:29:25.802964+00,2026-06-15 06:29:32.789983+00,2026-06-15 06:29:33.035214+00,,,,,f
40a453f1-795c-4b9e-acfe-0f4a182f6a89,784e956c-6de5-4b53-985d-8fff424fe1c8,50f36133-dac0-454a-8d0c-41b9877c387d,reviewed,"",2026-06-15 05:21:27.590465+00,2026-06-15 05:21:34.280775+00,2026-06-15 05:21:34.525801+00,,,,,f
a797ec36-59ae-4614-84a9-7598535f50ba,784e956c-6de5-4b53-985d-8fff424fe1c8,985d72a7-d4e1-4859-9fd6-d3fb7c35f55c,reviewed,"",2026-06-15 08:38:43.066303+00,2026-06-15 08:38:50.717138+00,2026-06-15 08:38:50.987799+00,,,,,f
eeeddc54-82fd-4beb-9ea2-85964582d946,784e956c-6de5-4b53-985d-8fff424fe1c8,73cb0edc-6ad8-442c-bcf7-0e951cbd151d,reviewed,"",2026-06-15 05:21:41.754477+00,2026-06-15 05:21:48.834412+00,2026-06-15 05:21:49.079404+00,,,,,f
994f8ea8-45e0-4366-9968-d3316856d37a,784e956c-6de5-4b53-985d-8fff424fe1c8,73cb0edc-6ad8-442c-bcf7-0e951cbd151d,reviewed,"",2026-06-15 06:29:42.266913+00,2026-06-15 06:29:49.748567+00,2026-06-15 06:29:49.997969+00,,,,,f
be4a6e70-0dcc-4a47-98bd-8a40b7e5bed1,784e956c-6de5-4b53-985d-8fff424fe1c8,923a2cde-4be7-4083-a32b-d5548312542c,reviewed,"",2026-06-15 05:21:56.138855+00,2026-06-15 05:22:06.088295+00,2026-06-15 05:22:06.526887+00,,,,,f
9ca2dd65-8379-432a-87f5-ddd4f5d5b0a1,784e956c-6de5-4b53-985d-8fff424fe1c8,c24c380b-d81f-43d3-a750-a59961a114ff,reviewed,"",2026-06-15 05:22:13.936825+00,2026-06-15 05:22:25.600638+00,2026-06-15 05:22:26.158222+00,,,,,f
7b3d4fa8-b9dd-4bda-9c88-59b4d4156a38,784e956c-6de5-4b53-985d-8fff424fe1c8,985d72a7-d4e1-4859-9fd6-d3fb7c35f55c,reviewed,"",2026-06-15 10:25:41.898907+00,2026-06-15 10:25:51.701395+00,2026-06-15 10:25:51.969776+00,,,,,f
5b134217-4fa8-4e14-9077-88e05844e080,784e956c-6de5-4b53-985d-8fff424fe1c8,923a2cde-4be7-4083-a32b-d5548312542c,reviewed,"",2026-06-15 06:29:59.186617+00,2026-06-15 06:30:09.445743+00,2026-06-15 06:30:09.899264+00,,,,,f
e91ee256-5ca1-435b-8c6e-79cff68d5313,784e956c-6de5-4b53-985d-8fff424fe1c8,b85d3b51-3ba4-4266-9ca2-c55c18c02423,reviewed,"",2026-06-15 05:22:33.37149+00,2026-06-15 05:22:45.065883+00,2026-06-15 05:22:45.561944+00,,,,,f
8e6c1c5f-1d1c-4469-878e-d722e5a5a5f4,784e956c-6de5-4b53-985d-8fff424fe1c8,74b33a37-59b5-4f2a-9248-b81cbbc36c1e,reviewed,"",2026-06-15 08:39:00.255305+00,2026-06-15 08:39:10.208964+00,2026-06-15 08:39:10.591776+00,,,,,f
8cc961c1-852b-4f9c-83a5-c4b841ce1fa7,784e956c-6de5-4b53-985d-8fff424fe1c8,51905a02-7307-4279-8ee4-d838fefb99f2,reviewed,"",2026-06-15 05:22:52.823927+00,2026-06-15 05:22:58.978866+00,2026-06-15 05:22:59.226334+00,,,,,f
b67b71e3-7891-4c2f-9ac2-01707660e5bf,784e956c-6de5-4b53-985d-8fff424fe1c8,c24c380b-d81f-43d3-a750-a59961a114ff,reviewed,"",2026-06-15 06:30:22.214881+00,2026-06-15 06:30:34.454642+00,2026-06-15 06:30:35.035979+00,,,,,f
e2e524b7-d391-414c-98de-528dcbbbed5a,784e956c-6de5-4b53-985d-8fff424fe1c8,f81a349a-4d83-4d8a-8c54-b04862b4d63c,reviewed,"",2026-06-15 05:23:05.990263+00,2026-06-15 05:23:14.908364+00,2026-06-15 05:23:15.298769+00,,,,,f
11361ffb-0be5-475a-a833-361c24ca92da,784e956c-6de5-4b53-985d-8fff424fe1c8,7e83a568-717b-4f95-a388-f1045940d91f,reviewed,"",2026-06-15 05:23:22.625984+00,2026-06-15 05:23:30.005482+00,2026-06-15 05:23:30.306995+00,,,,,f
04a3b310-d629-4a2e-8f9c-5b6808e0030c,784e956c-6de5-4b53-985d-8fff424fe1c8,50f36133-dac0-454a-8d0c-41b9877c387d,reviewed,"",2026-06-15 13:26:48.810775+00,2026-06-15 13:26:55.50088+00,2026-06-15 13:26:55.748966+00,,,,,f
b6d3f3e1-bb22-4388-9240-77bd1b7f5411,784e956c-6de5-4b53-985d-8fff424fe1c8,b85d3b51-3ba4-4266-9ca2-c55c18c02423,reviewed,"",2026-06-15 06:30:44.157515+00,2026-06-15 06:30:56.245504+00,2026-06-15 06:30:56.742921+00,,,,,f
d20b6918-b3b8-4ec4-8425-7c08fb83fb6b,784e956c-6de5-4b53-985d-8fff424fe1c8,3189d0f4-0fec-45f2-86e4-dadbc2967e68,reviewed,"",2026-06-15 05:23:36.816045+00,2026-06-15 05:23:44.22046+00,2026-06-15 05:23:44.549175+00,,,,,f
938ca921-f6ef-4c2b-b22f-6a58ea8c06b6,784e956c-6de5-4b53-985d-8fff424fe1c8,ffa1f867-7222-4776-8537-b976ad0556f9,reviewed,"",2026-06-15 08:39:23.537587+00,2026-06-15 08:39:30.318416+00,2026-06-15 08:39:30.569571+00,,,,,f
f7c17d67-2408-45a4-abef-81bfe4937aec,784e956c-6de5-4b53-985d-8fff424fe1c8,8b99f6ae-7571-454e-9000-4e336a585d59,reviewed,"",2026-06-15 06:27:17.129296+00,2026-06-15 06:28:19.485814+00,2026-06-15 06:28:22.483899+00,,,,,f
104fd4e4-4db2-4ae1-8b99-ded887f73b78,784e956c-6de5-4b53-985d-8fff424fe1c8,51905a02-7307-4279-8ee4-d838fefb99f2,reviewed,"",2026-06-15 06:31:06.298764+00,2026-06-15 06:31:12.965651+00,2026-06-15 06:31:13.208046+00,,,,,f
8fd7dca9-90e4-4368-9bf3-8157a69e93d9,784e956c-6de5-4b53-985d-8fff424fe1c8,985d72a7-d4e1-4859-9fd6-d3fb7c35f55c,reviewed,"",2026-06-15 06:28:31.841163+00,2026-06-15 06:28:39.386432+00,2026-06-15 06:28:39.659583+00,,,,,f
fd187fec-19d7-4c50-982e-b1d64d79736e,784e956c-6de5-4b53-985d-8fff424fe1c8,74b33a37-59b5-4f2a-9248-b81cbbc36c1e,reviewed,"",2026-06-15 06:28:49.232199+00,2026-06-15 06:28:58.894806+00,2026-06-15 06:28:59.274755+00,,,,,f
831eda8e-1be3-45e3-9cf2-d8c0f9f74898,784e956c-6de5-4b53-985d-8fff424fe1c8,8b99f6ae-7571-454e-9000-4e336a585d59,reviewed,"",2026-06-15 13:24:43.815282+00,2026-06-15 13:25:48.184797+00,2026-06-15 13:25:51.181666+00,,,,,f
f93955a0-a195-4f6e-9964-f185aaf8316f,784e956c-6de5-4b53-985d-8fff424fe1c8,f81a349a-4d83-4d8a-8c54-b04862b4d63c,reviewed,"",2026-06-15 06:31:22.063956+00,2026-06-15 06:31:32.052144+00,2026-06-15 06:31:32.438822+00,,,,,f
e4246ac5-7374-45a6-bd61-1305173f3a6c,784e956c-6de5-4b53-985d-8fff424fe1c8,50f36133-dac0-454a-8d0c-41b9877c387d,reviewed,"",2026-06-15 08:39:39.395635+00,2026-06-15 08:39:46.504215+00,2026-06-15 08:39:46.75355+00,,,,,f
d9192138-6a8e-4f7e-9c01-ac0d3e818869,784e956c-6de5-4b53-985d-8fff424fe1c8,73cb0edc-6ad8-442c-bcf7-0e951cbd151d,pending,"",2026-06-15 08:39:56.418615+00,,,,,,,f
5f1b7f39-c5b9-417d-8602-817e5101d6b0,784e956c-6de5-4b53-985d-8fff424fe1c8,7e83a568-717b-4f95-a388-f1045940d91f,reviewed,"",2026-06-15 06:31:42.362635+00,2026-06-15 06:31:50.544567+00,2026-06-15 06:31:50.851994+00,,,,,f
358d57d9-49e5-448f-8002-6c7c079d7ba3,784e956c-6de5-4b53-985d-8fff424fe1c8,3189d0f4-0fec-45f2-86e4-dadbc2967e68,reviewed,"",2026-06-15 06:31:59.760418+00,2026-06-15 06:32:08.143051+00,2026-06-15 06:32:08.479896+00,,,,,f
7b69843e-3e5e-4db8-9c37-757cb3b6efc7,784e956c-6de5-4b53-985d-8fff424fe1c8,923a2cde-4be7-4083-a32b-d5548312542c,reviewed,"",2026-06-15 14:11:34.024024+00,2026-06-15 14:11:44.711288+00,2026-06-15 14:11:45.145973+00,,,,,f
ac50d9ca-c451-452c-9f5b-37b3a670d442,784e956c-6de5-4b53-985d-8fff424fe1c8,ffa1f867-7222-4776-8537-b976ad0556f9,reviewed,"",2026-06-15 14:10:45.779671+00,2026-06-15 14:10:52.528022+00,2026-06-15 14:10:52.772207+00,,,,,f
3d35d87e-c335-4278-b502-eece94906f88,784e956c-6de5-4b53-985d-8fff424fe1c8,8b99f6ae-7571-454e-9000-4e336a585d59,reviewed,"",2026-06-15 09:23:42.69456+00,2026-06-15 09:24:44.642564+00,2026-06-15 09:24:47.640569+00,,,,,f
16b651b2-3ee8-4a12-a6a1-6c31a62854a7,784e956c-6de5-4b53-985d-8fff424fe1c8,985d72a7-d4e1-4859-9fd6-d3fb7c35f55c,reviewed,"",2026-06-15 13:25:59.886746+00,2026-06-15 13:26:07.562673+00,2026-06-15 13:26:07.837274+00,,,,,f
f6d27f74-5248-4562-bc8d-5399616d3045,784e956c-6de5-4b53-985d-8fff424fe1c8,985d72a7-d4e1-4859-9fd6-d3fb7c35f55c,reviewed,"",2026-06-15 09:24:58.504707+00,2026-06-15 09:25:06.321454+00,2026-06-15 09:25:06.600008+00,,,,,f
880fad67-7b76-4a1a-8244-bceb4a07626f,784e956c-6de5-4b53-985d-8fff424fe1c8,74b33a37-59b5-4f2a-9248-b81cbbc36c1e,pending,"",2026-06-15 09:25:18.654611+00,,,,,,,f
2af62c96-81b4-4802-9a93-bb7c63c4682a,784e956c-6de5-4b53-985d-8fff424fe1c8,73cb0edc-6ad8-442c-bcf7-0e951cbd151d,reviewed,"",2026-06-15 13:27:03.587187+00,2026-06-15 13:27:10.809467+00,2026-06-15 13:27:11.052819+00,,,,,f
594ff7b5-9f89-4bcf-a0aa-4e6806c53e5a,784e956c-6de5-4b53-985d-8fff424fe1c8,8b99f6ae-7571-454e-9000-4e336a585d59,reviewed,"",2026-06-15 10:24:23.181513+00,2026-06-15 10:25:25.346391+00,2026-06-15 10:25:28.379963+00,,,,,f
df299b13-08f5-450f-b5f0-089e1b170e93,784e956c-6de5-4b53-985d-8fff424fe1c8,74b33a37-59b5-4f2a-9248-b81cbbc36c1e,reviewed,"",2026-06-15 13:26:14.903177+00,2026-06-15 13:26:26.320062+00,2026-06-15 13:26:26.703056+00,,,,,f
4e17ad32-eb1b-45cd-9bbb-89d4dd7254fa,784e956c-6de5-4b53-985d-8fff424fe1c8,985d72a7-d4e1-4859-9fd6-d3fb7c35f55c,reviewed,"",2026-06-15 14:10:00.832016+00,2026-06-15 14:10:16.900368+00,2026-06-15 14:10:17.170767+00,,,,,f
cc3b4fd3-2cd7-4ad5-820c-f9a1c3807cbd,784e956c-6de5-4b53-985d-8fff424fe1c8,ffa1f867-7222-4776-8537-b976ad0556f9,reviewed,"",2026-06-15 13:26:34.619412+00,2026-06-15 13:26:41.277083+00,2026-06-15 13:26:41.524375+00,,,,,f
79d061e4-1cc2-4918-a05f-0831af7c8912,784e956c-6de5-4b53-985d-8fff424fe1c8,923a2cde-4be7-4083-a32b-d5548312542c,reviewed,"",2026-06-15 13:27:18.167245+00,2026-06-15 13:27:28.658559+00,2026-06-15 13:27:29.099293+00,,,,,f
2db363e2-8358-4acd-beb6-04741e967ff3,784e956c-6de5-4b53-985d-8fff424fe1c8,73cb0edc-6ad8-442c-bcf7-0e951cbd151d,reviewed,"",2026-06-15 14:11:14.787449+00,2026-06-15 14:11:23.922046+00,2026-06-15 14:11:24.168447+00,,,,,f
228a92f9-eb8a-4665-9f9a-7df6d66496b6,784e956c-6de5-4b53-985d-8fff424fe1c8,74b33a37-59b5-4f2a-9248-b81cbbc36c1e,reviewed,"",2026-06-15 14:10:26.56879+00,2026-06-15 14:10:37.777039+00,2026-06-15 14:10:38.158242+00,,,,,f
acbb554f-8e9a-434e-92f9-20eb8abf0baf,784e956c-6de5-4b53-985d-8fff424fe1c8,50f36133-dac0-454a-8d0c-41b9877c387d,reviewed,"",2026-06-15 14:11:00.556396+00,2026-06-15 14:11:07.059091+00,2026-06-15 14:11:07.30852+00,,,,,f
9d0076c3-0f84-4cf7-83ee-a3954df4314e,784e956c-6de5-4b53-985d-8fff424fe1c8,c24c380b-d81f-43d3-a750-a59961a114ff,reviewed,"",2026-06-15 14:11:53.279285+00,2026-06-15 14:12:08.932393+00,2026-06-15 14:12:09.480483+00,,,,,f
2995d244-27e2-434d-8734-62303e747947,784e956c-6de5-4b53-985d-8fff424fe1c8,51905a02-7307-4279-8ee4-d838fefb99f2,reviewed,"",2026-06-15 14:12:36.685455+00,2026-06-15 14:12:43.277711+00,2026-06-15 14:12:43.520512+00,,,,,f
8544f581-6550-4b03-afe2-341bf47e8d96,784e956c-6de5-4b53-985d-8fff424fe1c8,b85d3b51-3ba4-4266-9ca2-c55c18c02423,reviewed,"",2026-06-15 14:12:16.70378+00,2026-06-15 14:12:28.50015+00,2026-06-15 14:12:28.994674+00,,,,,f
c36bed16-aa72-4212-8648-fd4c8fe006e1,784e956c-6de5-4b53-985d-8fff424fe1c8,f81a349a-4d83-4d8a-8c54-b04862b4d63c,reviewed,"",2026-06-15 14:12:50.874025+00,2026-06-15 14:13:00.282183+00,2026-06-15 14:13:00.660419+00,,,,,f
7065669b-36eb-4089-806a-3aa9d37abbaf,784e956c-6de5-4b53-985d-8fff424fe1c8,8b99f6ae-7571-454e-9000-4e336a585d59,in_progress,"",2026-06-15 14:58:28.754759+00,,,,,,,f
8058fa55-1ec4-4f30-b306-81a5ed62844b,784e956c-6de5-4b53-985d-8fff424fe1c8,8b99f6ae-7571-454e-9000-4e336a585d59,reviewed,"",2026-06-15 15:39:53.920565+00,2026-06-15 15:40:56.674059+00,2026-06-15 15:40:59.673796+00,,,,,f
25b98f40-d718-47ab-b6e4-69b8d0c34c41,784e956c-6de5-4b53-985d-8fff424fe1c8,985d72a7-d4e1-4859-9fd6-d3fb7c35f55c,reviewed,"",2026-06-15 15:41:06.97546+00,2026-06-15 15:41:14.576981+00,2026-06-15 15:41:14.848907+00,,,,,f
30488ae3-cc8a-46ba-a16c-8f017a5fba4a,784e956c-6de5-4b53-985d-8fff424fe1c8,74b33a37-59b5-4f2a-9248-b81cbbc36c1e,reviewed,"",2026-06-15 15:41:21.755371+00,2026-06-15 15:41:31.112383+00,2026-06-15 15:41:31.498888+00,,,,,f
050542c7-816d-48d9-a850-a65d2b3272c9,784e956c-6de5-4b53-985d-8fff424fe1c8,ffa1f867-7222-4776-8537-b976ad0556f9,reviewed,"",2026-06-15 17:11:57.98076+00,2026-06-15 17:12:04.458833+00,2026-06-15 17:12:04.710555+00,,,,,f
b97e10b7-6831-4dd9-b408-a26d776435c5,784e956c-6de5-4b53-985d-8fff424fe1c8,ffa1f867-7222-4776-8537-b976ad0556f9,reviewed,"",2026-06-15 15:41:38.645751+00,2026-06-15 15:41:45.316408+00,2026-06-15 15:41:45.572665+00,,,,,f
ad5d0246-f03f-4076-9ec4-19b1bf037e45,784e956c-6de5-4b53-985d-8fff424fe1c8,73cb0edc-6ad8-442c-bcf7-0e951cbd151d,reviewed,"",2026-06-15 16:27:38.576164+00,2026-06-15 16:27:45.700556+00,2026-06-15 16:27:45.942913+00,,,,,f
995ffb2f-1254-430b-b491-c1804a96f7e0,784e956c-6de5-4b53-985d-8fff424fe1c8,50f36133-dac0-454a-8d0c-41b9877c387d,reviewed,"",2026-06-15 15:41:52.754735+00,2026-06-15 15:41:59.252537+00,2026-06-15 15:41:59.501013+00,,,,,f
4227998e-122c-4ccd-977f-9e4a355e8cc6,784e956c-6de5-4b53-985d-8fff424fe1c8,73cb0edc-6ad8-442c-bcf7-0e951cbd151d,reviewed,"",2026-06-15 15:42:06.38119+00,2026-06-15 15:42:13.609016+00,2026-06-15 15:42:13.852164+00,,,,,f
0db8c3c6-adec-41d2-b6f9-eca729c00132,784e956c-6de5-4b53-985d-8fff424fe1c8,923a2cde-4be7-4083-a32b-d5548312542c,reviewed,"",2026-06-15 16:27:52.941327+00,2026-06-15 16:28:03.026194+00,2026-06-15 16:28:03.463493+00,,,,,f
f57a0d37-bdb8-4101-91d4-8c08058b83aa,784e956c-6de5-4b53-985d-8fff424fe1c8,923a2cde-4be7-4083-a32b-d5548312542c,reviewed,"",2026-06-15 15:42:20.699129+00,2026-06-15 15:42:30.465418+00,2026-06-15 15:42:30.89937+00,,,,,f
7a353613-ec1a-4304-a918-a0339bd30aa1,784e956c-6de5-4b53-985d-8fff424fe1c8,7e83a568-717b-4f95-a388-f1045940d91f,reviewed,"",2026-06-15 17:14:13.825666+00,2026-06-15 17:14:21.017241+00,2026-06-15 17:14:21.321147+00,,,,,f
f04334d1-8e51-40ed-b00c-2a4546e975dc,784e956c-6de5-4b53-985d-8fff424fe1c8,50f36133-dac0-454a-8d0c-41b9877c387d,reviewed,"",2026-06-15 17:12:11.731759+00,2026-06-15 17:12:18.477996+00,2026-06-15 17:12:18.721623+00,,,,,f
1bd7521c-a4c5-4809-a04f-40379c8ac42d,784e956c-6de5-4b53-985d-8fff424fe1c8,c24c380b-d81f-43d3-a750-a59961a114ff,reviewed,"",2026-06-15 15:42:38.250981+00,2026-06-15 15:42:49.852414+00,2026-06-15 15:42:50.397178+00,,,,,f
8904bc88-40b9-4059-950a-e58108083891,784e956c-6de5-4b53-985d-8fff424fe1c8,c24c380b-d81f-43d3-a750-a59961a114ff,reviewed,"",2026-06-15 16:28:10.899081+00,2026-06-15 16:28:22.671821+00,2026-06-15 16:28:23.212689+00,,,,,f
af3def6a-bb19-455d-bcf4-6eb35d6ddca6,784e956c-6de5-4b53-985d-8fff424fe1c8,b85d3b51-3ba4-4266-9ca2-c55c18c02423,reviewed,"",2026-06-15 15:42:57.554759+00,2026-06-15 15:43:08.905426+00,2026-06-15 15:43:09.402199+00,,,,,f
1aebcf93-e88d-4136-a9dc-5d7a77d79376,784e956c-6de5-4b53-985d-8fff424fe1c8,51905a02-7307-4279-8ee4-d838fefb99f2,reviewed,"",2026-06-15 15:43:16.76531+00,2026-06-15 15:43:22.844951+00,2026-06-15 15:43:23.090798+00,,,,,f
f10cf9f3-c0b6-4702-b9ed-491fd7796d2a,784e956c-6de5-4b53-985d-8fff424fe1c8,b85d3b51-3ba4-4266-9ca2-c55c18c02423,reviewed,"",2026-06-15 16:28:30.523943+00,2026-06-15 16:28:42.098981+00,2026-06-15 16:28:42.591283+00,,,,,f
8932c1b8-98cb-4ce1-a595-e4be4665e632,784e956c-6de5-4b53-985d-8fff424fe1c8,f81a349a-4d83-4d8a-8c54-b04862b4d63c,reviewed,"",2026-06-15 15:43:30.029662+00,2026-06-15 15:43:38.766391+00,2026-06-15 15:43:39.142901+00,,,,,f
813a6c8b-c579-4e8e-a81d-22dbb477133b,784e956c-6de5-4b53-985d-8fff424fe1c8,ffa1f867-7222-4776-8537-b976ad0556f9,reviewed,"",2026-06-15 18:44:20.059888+00,2026-06-15 18:44:26.899756+00,2026-06-15 18:44:27.146081+00,,,,,f
a38bdeb8-84dc-4c44-9e4a-83f8f31cfa5a,784e956c-6de5-4b53-985d-8fff424fe1c8,73cb0edc-6ad8-442c-bcf7-0e951cbd151d,reviewed,"",2026-06-15 17:12:25.718431+00,2026-06-15 17:12:32.760521+00,2026-06-15 17:12:33.004231+00,,,,,f
e03f91a7-b454-46fc-96d7-f29d2f3f0b1f,784e956c-6de5-4b53-985d-8fff424fe1c8,7e83a568-717b-4f95-a388-f1045940d91f,reviewed,"",2026-06-15 15:43:45.653033+00,2026-06-15 15:43:52.940291+00,2026-06-15 15:43:53.240184+00,,,,,f
6670065e-7795-489f-9f80-d28e4f854d72,784e956c-6de5-4b53-985d-8fff424fe1c8,51905a02-7307-4279-8ee4-d838fefb99f2,reviewed,"",2026-06-15 16:28:49.890366+00,2026-06-15 16:28:56.234616+00,2026-06-15 16:28:56.477544+00,,,,,f
76fa0901-cebc-4ebc-ba0e-642d4fe41398,784e956c-6de5-4b53-985d-8fff424fe1c8,3189d0f4-0fec-45f2-86e4-dadbc2967e68,reviewed,"",2026-06-15 15:44:00.674394+00,2026-06-15 15:44:08.521722+00,2026-06-15 15:44:08.849385+00,,,,,f
75c13ad9-1026-4544-9a14-466f46705272,784e956c-6de5-4b53-985d-8fff424fe1c8,8b99f6ae-7571-454e-9000-4e336a585d59,reviewed,"",2026-06-15 16:25:24.220739+00,2026-06-15 16:26:28.627878+00,2026-06-15 16:26:31.593987+00,,,,,f
1d2e7474-5a2c-47c6-8e4b-b53d5f9d02e2,784e956c-6de5-4b53-985d-8fff424fe1c8,f81a349a-4d83-4d8a-8c54-b04862b4d63c,reviewed,"",2026-06-15 16:29:03.431963+00,2026-06-15 16:29:12.08849+00,2026-06-15 16:29:12.473977+00,,,,,f
4cc12b95-afc2-40e0-a8e7-95468fee5061,784e956c-6de5-4b53-985d-8fff424fe1c8,985d72a7-d4e1-4859-9fd6-d3fb7c35f55c,reviewed,"",2026-06-15 16:26:39.126356+00,2026-06-15 16:26:46.317465+00,2026-06-15 16:26:46.587618+00,,,,,f
ca1d085e-7a5e-4661-8e4e-620284200a03,784e956c-6de5-4b53-985d-8fff424fe1c8,3189d0f4-0fec-45f2-86e4-dadbc2967e68,reviewed,"",2026-06-15 17:14:28.170621+00,2026-06-15 17:14:35.830986+00,2026-06-15 17:14:36.163316+00,,,,,f
a6cc8170-fda0-436b-b4de-8c263b237201,784e956c-6de5-4b53-985d-8fff424fe1c8,923a2cde-4be7-4083-a32b-d5548312542c,reviewed,"",2026-06-15 17:12:40.199671+00,2026-06-15 17:12:49.791311+00,2026-06-15 17:12:50.225564+00,,,,,f
a12c66f5-769e-49f3-8c45-a4a76bafa1c9,784e956c-6de5-4b53-985d-8fff424fe1c8,74b33a37-59b5-4f2a-9248-b81cbbc36c1e,reviewed,"",2026-06-15 16:26:53.473422+00,2026-06-15 16:27:03.30364+00,2026-06-15 16:27:03.686436+00,,,,,f
63e7d468-052a-4c5f-bbc9-e905033c7ad3,784e956c-6de5-4b53-985d-8fff424fe1c8,7e83a568-717b-4f95-a388-f1045940d91f,reviewed,"",2026-06-15 16:29:19.344661+00,2026-06-15 16:29:26.80641+00,2026-06-15 16:29:27.105629+00,,,,,f
2a912feb-c6c7-4c6a-a136-409d8af2919a,784e956c-6de5-4b53-985d-8fff424fe1c8,ffa1f867-7222-4776-8537-b976ad0556f9,reviewed,"",2026-06-15 16:27:10.966479+00,2026-06-15 16:27:17.561459+00,2026-06-15 16:27:17.806758+00,,,,,f
fd70cece-7bb6-4f7d-b0aa-3a7d859b4011,784e956c-6de5-4b53-985d-8fff424fe1c8,3189d0f4-0fec-45f2-86e4-dadbc2967e68,in_progress,"",2026-06-15 16:29:34.030514+00,,,,,,,f
beb08571-b181-4e4c-b849-42a91329ca87,784e956c-6de5-4b53-985d-8fff424fe1c8,50f36133-dac0-454a-8d0c-41b9877c387d,reviewed,"",2026-06-15 16:27:24.761699+00,2026-06-15 16:27:31.371723+00,2026-06-15 16:27:31.614423+00,,,,,f
5908fc5b-1398-4439-948c-bd377bfc1e7e,784e956c-6de5-4b53-985d-8fff424fe1c8,8b99f6ae-7571-454e-9000-4e336a585d59,in_progress,"",2026-06-15 18:00:08.548453+00,,,,,,,f
51da2812-2c99-4a74-a176-731bc0f6a53c,784e956c-6de5-4b53-985d-8fff424fe1c8,8b99f6ae-7571-454e-9000-4e336a585d59,reviewed,"",2026-06-15 17:10:13.285376+00,2026-06-15 17:11:16.213687+00,2026-06-15 17:11:19.213697+00,,,,,f
ca862cc5-8ba0-4eab-8c1c-d233f09f0422,784e956c-6de5-4b53-985d-8fff424fe1c8,c24c380b-d81f-43d3-a750-a59961a114ff,reviewed,"",2026-06-15 17:12:57.564066+00,2026-06-15 17:13:09.232019+00,2026-06-15 17:13:09.781056+00,,,,,f
8e653587-236b-4085-94da-c22acf635b14,784e956c-6de5-4b53-985d-8fff424fe1c8,985d72a7-d4e1-4859-9fd6-d3fb7c35f55c,reviewed,"",2026-06-15 17:11:26.516258+00,2026-06-15 17:11:33.881777+00,2026-06-15 17:11:34.150558+00,,,,,f
c4d6b257-5942-4bda-a149-f23bbd351ad0,784e956c-6de5-4b53-985d-8fff424fe1c8,73cb0edc-6ad8-442c-bcf7-0e951cbd151d,reviewed,"",2026-06-15 19:31:01.677542+00,2026-06-15 19:31:09.137566+00,2026-06-15 19:31:09.383415+00,,,,,f
063653cc-2d97-4ac1-abc9-ed50c16cb328,784e956c-6de5-4b53-985d-8fff424fe1c8,74b33a37-59b5-4f2a-9248-b81cbbc36c1e,reviewed,"",2026-06-15 17:11:41.348722+00,2026-06-15 17:11:50.629698+00,2026-06-15 17:11:51.017276+00,,,,,f
453a50fe-6e7f-428d-a7cd-62d6e4e4e74b,784e956c-6de5-4b53-985d-8fff424fe1c8,b85d3b51-3ba4-4266-9ca2-c55c18c02423,reviewed,"",2026-06-15 17:13:17.01985+00,2026-06-15 17:13:32.723726+00,2026-06-15 17:13:33.224925+00,,,,,f
62d64add-edfe-43d6-a506-c0c5f416759e,784e956c-6de5-4b53-985d-8fff424fe1c8,c24c380b-d81f-43d3-a750-a59961a114ff,reviewed,"",2026-06-15 18:45:20.271323+00,2026-06-15 18:45:32.161479+00,2026-06-15 18:45:32.709376+00,,,,,f
17286e9a-968d-43cd-98fd-f04b508f8479,784e956c-6de5-4b53-985d-8fff424fe1c8,8b99f6ae-7571-454e-9000-4e336a585d59,reviewed,"",2026-06-15 18:42:30.245563+00,2026-06-15 18:43:33.557333+00,2026-06-15 18:43:36.556965+00,,,,,f
21cf39fa-db3a-4765-ac73-29782e856bf2,784e956c-6de5-4b53-985d-8fff424fe1c8,51905a02-7307-4279-8ee4-d838fefb99f2,reviewed,"",2026-06-15 17:13:40.553631+00,2026-06-15 17:13:46.67964+00,2026-06-15 17:13:46.926276+00,,,,,f
f9cdd179-f3f3-481f-b05b-21ee1940dcb3,784e956c-6de5-4b53-985d-8fff424fe1c8,50f36133-dac0-454a-8d0c-41b9877c387d,reviewed,"",2026-06-15 18:44:34.185055+00,2026-06-15 18:44:40.783923+00,2026-06-15 18:44:41.031617+00,,,,,f
96a4ea51-d6be-48a5-b8cb-6aa927587d5e,784e956c-6de5-4b53-985d-8fff424fe1c8,f81a349a-4d83-4d8a-8c54-b04862b4d63c,reviewed,"",2026-06-15 17:13:53.875443+00,2026-06-15 17:14:06.666329+00,2026-06-15 17:14:07.047348+00,,,,,f
fd5543e8-28a8-4fca-a755-2007e2ff15a5,784e956c-6de5-4b53-985d-8fff424fe1c8,985d72a7-d4e1-4859-9fd6-d3fb7c35f55c,reviewed,"",2026-06-15 18:43:46.195775+00,2026-06-15 18:43:53.427913+00,2026-06-15 18:43:53.701241+00,,,,,f
e68a833d-6f15-4352-99db-ab25bebf3086,784e956c-6de5-4b53-985d-8fff424fe1c8,ffa1f867-7222-4776-8537-b976ad0556f9,reviewed,"",2026-06-15 19:30:28.277929+00,2026-06-15 19:30:38.188411+00,2026-06-15 19:30:38.438741+00,,,,,f
7691eb3c-5aa4-438a-ac03-512bdca00ddc,784e956c-6de5-4b53-985d-8fff424fe1c8,73cb0edc-6ad8-442c-bcf7-0e951cbd151d,reviewed,"",2026-06-15 18:44:47.959294+00,2026-06-15 18:44:55.143263+00,2026-06-15 18:44:55.388088+00,,,,,f
2f092c55-5a39-4f71-9734-5ab85ed7f212,784e956c-6de5-4b53-985d-8fff424fe1c8,74b33a37-59b5-4f2a-9248-b81cbbc36c1e,reviewed,"",2026-06-15 18:44:02.291834+00,2026-06-15 18:44:11.738482+00,2026-06-15 18:44:12.122617+00,,,,,f
d958d5ef-c945-4781-953e-a407c55cdcdb,784e956c-6de5-4b53-985d-8fff424fe1c8,8b99f6ae-7571-454e-9000-4e336a585d59,reviewed,"",2026-06-15 19:28:37.1165+00,2026-06-15 19:29:39.654044+00,2026-06-15 19:29:42.674091+00,,,,,f
149a56f9-82f9-433c-856a-400ef2c39431,784e956c-6de5-4b53-985d-8fff424fe1c8,b85d3b51-3ba4-4266-9ca2-c55c18c02423,reviewed,"",2026-06-15 18:45:40.063408+00,2026-06-15 18:45:51.827129+00,2026-06-15 18:45:52.314836+00,,,,,f
1cc9219e-f7fd-4446-8a9e-353c2abc0af4,784e956c-6de5-4b53-985d-8fff424fe1c8,923a2cde-4be7-4083-a32b-d5548312542c,reviewed,"",2026-06-15 18:45:02.765444+00,2026-06-15 18:45:12.631159+00,2026-06-15 18:45:13.067406+00,,,,,f
b62a4256-cae4-4a96-9d79-a2f937fb587f,784e956c-6de5-4b53-985d-8fff424fe1c8,74b33a37-59b5-4f2a-9248-b81cbbc36c1e,reviewed,"",2026-06-15 19:30:04.24086+00,2026-06-15 19:30:15.965459+00,2026-06-15 19:30:16.351305+00,,,,,f
2c22b013-99fb-4e74-a30e-5385357f894b,784e956c-6de5-4b53-985d-8fff424fe1c8,51905a02-7307-4279-8ee4-d838fefb99f2,reviewed,"",2026-06-15 18:45:59.781926+00,2026-06-15 18:46:06.765304+00,2026-06-15 18:46:07.008691+00,,,,,f
1a2df493-6672-4ad3-bda2-ff8a23c2be3d,784e956c-6de5-4b53-985d-8fff424fe1c8,985d72a7-d4e1-4859-9fd6-d3fb7c35f55c,reviewed,"",2026-06-15 19:29:49.773053+00,2026-06-15 19:29:56.527244+00,2026-06-15 19:29:56.801983+00,,,,,f
052eef4a-8f10-456e-bc25-e7ec7ec985fc,784e956c-6de5-4b53-985d-8fff424fe1c8,50f36133-dac0-454a-8d0c-41b9877c387d,reviewed,"",2026-06-15 19:30:47.767773+00,2026-06-15 19:30:53.958955+00,2026-06-15 19:30:54.204838+00,,,,,f
f0de6378-55c9-4458-b668-4ad7e5c2c627,784e956c-6de5-4b53-985d-8fff424fe1c8,923a2cde-4be7-4083-a32b-d5548312542c,reviewed,"",2026-06-15 19:31:16.286584+00,2026-06-15 19:31:26.769221+00,2026-06-15 19:31:27.210549+00,,,,,f
ba8584b3-2212-4738-8191-e61959cfb152,784e956c-6de5-4b53-985d-8fff424fe1c8,c24c380b-d81f-43d3-a750-a59961a114ff,pending,"",2026-06-15 19:31:34.946852+00,,,,,,,f
8de52912-bdf4-4b85-82b5-a6ec5562caa9,784e956c-6de5-4b53-985d-8fff424fe1c8,8b99f6ae-7571-454e-9000-4e336a585d59,reviewed,"",2026-06-15 21:30:45.366714+00,2026-06-15 21:31:49.692656+00,2026-06-15 21:31:52.681609+00,,,,,f
2b3e4f18-d52a-438e-b84a-a2abe469dd7a,784e956c-6de5-4b53-985d-8fff424fe1c8,985d72a7-d4e1-4859-9fd6-d3fb7c35f55c,reviewed,"",2026-06-15 21:31:59.890427+00,2026-06-15 21:32:07.536194+00,2026-06-15 21:32:07.81278+00,,,,,f
3917d7b6-f66f-425a-8112-6dcffedfdc08,784e956c-6de5-4b53-985d-8fff424fe1c8,74b33a37-59b5-4f2a-9248-b81cbbc36c1e,reviewed,"",2026-06-15 21:32:15.233456+00,2026-06-15 21:32:25.138007+00,2026-06-15 21:32:25.519905+00,,,,,f
070d7a14-6082-4a67-8bdf-d9fb0766c49a,784e956c-6de5-4b53-985d-8fff424fe1c8,ffa1f867-7222-4776-8537-b976ad0556f9,reviewed,"",2026-06-15 21:32:32.781772+00,2026-06-15 21:32:39.699523+00,2026-06-15 21:32:39.945372+00,,,,,f
a14bc2a0-5bc6-42b0-aa7b-3f04ba7b2532,784e956c-6de5-4b53-985d-8fff424fe1c8,50f36133-dac0-454a-8d0c-41b9877c387d,reviewed,"",2026-06-15 21:32:46.976436+00,2026-06-15 21:32:53.96535+00,2026-06-15 21:32:54.215395+00,,,,,f
a2724227-fbad-41d5-a0bd-dedfb82fbc18,784e956c-6de5-4b53-985d-8fff424fe1c8,923a2cde-4be7-4083-a32b-d5548312542c,reviewed,"",2026-06-15 22:58:01.54073+00,2026-06-15 22:58:11.641263+00,2026-06-15 22:58:12.075005+00,,,,,f
90e3d184-7aac-4c9a-941d-5ca3bb20352e,784e956c-6de5-4b53-985d-8fff424fe1c8,73cb0edc-6ad8-442c-bcf7-0e951cbd151d,reviewed,"",2026-06-15 21:33:01.420189+00,2026-06-15 21:33:08.859136+00,2026-06-15 21:33:09.108589+00,,,,,f
6a6b2fdb-4998-4a05-bce3-ea8c1a680883,784e956c-6de5-4b53-985d-8fff424fe1c8,50f36133-dac0-454a-8d0c-41b9877c387d,reviewed,"",2026-06-16 01:19:02.493362+00,2026-06-16 01:19:08.965604+00,2026-06-16 01:19:09.208737+00,,,,,f
26cd86b5-3707-489c-9a33-23f5e786fe60,784e956c-6de5-4b53-985d-8fff424fe1c8,50f36133-dac0-454a-8d0c-41b9877c387d,reviewed,"",2026-06-16 00:34:46.862863+00,2026-06-16 00:34:53.654489+00,2026-06-16 00:34:53.899456+00,,,,,f
9cbd4a95-b329-498a-9989-77f0936b2e36,784e956c-6de5-4b53-985d-8fff424fe1c8,923a2cde-4be7-4083-a32b-d5548312542c,reviewed,"",2026-06-15 21:33:16.191938+00,2026-06-15 21:33:26.393356+00,2026-06-15 21:33:26.83284+00,,,,,f
b98e2e40-ea1d-4400-8bc8-8c48b6064fcd,784e956c-6de5-4b53-985d-8fff424fe1c8,c24c380b-d81f-43d3-a750-a59961a114ff,reviewed,"",2026-06-15 22:58:18.898695+00,2026-06-15 22:58:30.436005+00,2026-06-15 22:58:30.980755+00,,,,,f
5462112e-d001-4015-a066-8922fd813fb8,784e956c-6de5-4b53-985d-8fff424fe1c8,c24c380b-d81f-43d3-a750-a59961a114ff,reviewed,"",2026-06-15 21:33:33.834145+00,2026-06-15 21:33:45.879748+00,2026-06-15 21:33:46.429739+00,,,,,f
745bd1ee-2b0b-4fd0-8f4b-c66d7adb998a,784e956c-6de5-4b53-985d-8fff424fe1c8,b85d3b51-3ba4-4266-9ca2-c55c18c02423,reviewed,"",2026-06-15 21:33:53.416022+00,2026-06-15 21:34:05.440844+00,2026-06-15 21:34:05.92435+00,,,,,f
62c59f2e-1a3a-45c9-a4bc-168b096b8b41,784e956c-6de5-4b53-985d-8fff424fe1c8,b85d3b51-3ba4-4266-9ca2-c55c18c02423,reviewed,"",2026-06-15 22:58:37.732041+00,2026-06-15 22:58:49.218525+00,2026-06-15 22:58:49.716169+00,,,,,f
d8e816f5-0866-4bdc-a3a5-767163fe7500,784e956c-6de5-4b53-985d-8fff424fe1c8,51905a02-7307-4279-8ee4-d838fefb99f2,reviewed,"",2026-06-15 21:34:13.159922+00,2026-06-15 21:34:19.526603+00,2026-06-15 21:34:19.771672+00,,,,,f
e7f120ca-e4d9-4787-9ee9-d8cdfec152f0,784e956c-6de5-4b53-985d-8fff424fe1c8,3189d0f4-0fec-45f2-86e4-dadbc2967e68,reviewed,"",2026-06-16 00:37:00.925161+00,2026-06-16 00:37:08.734788+00,2026-06-16 00:37:09.063497+00,,,,,f
0a83f9d9-a712-4925-b765-5eea2ea0ff5e,784e956c-6de5-4b53-985d-8fff424fe1c8,73cb0edc-6ad8-442c-bcf7-0e951cbd151d,reviewed,"",2026-06-16 00:35:00.671355+00,2026-06-16 00:35:08.120976+00,2026-06-16 00:35:08.36878+00,,,,,f
5b0b2211-720c-419a-b692-d516d56bf696,784e956c-6de5-4b53-985d-8fff424fe1c8,f81a349a-4d83-4d8a-8c54-b04862b4d63c,reviewed,"",2026-06-15 21:34:27.005509+00,2026-06-15 21:34:36.259136+00,2026-06-15 21:34:36.640466+00,,,,,f
73b4701e-8293-4545-8ecf-b02d167d15a7,784e956c-6de5-4b53-985d-8fff424fe1c8,51905a02-7307-4279-8ee4-d838fefb99f2,reviewed,"",2026-06-15 22:58:56.544137+00,2026-06-15 22:59:02.907785+00,2026-06-15 22:59:03.153672+00,,,,,f
03c0fc72-ac30-4f58-9b91-86745a4277fa,784e956c-6de5-4b53-985d-8fff424fe1c8,7e83a568-717b-4f95-a388-f1045940d91f,reviewed,"",2026-06-15 21:34:43.731669+00,2026-06-15 21:34:51.308973+00,2026-06-15 21:34:51.605941+00,,,,,f
5c066cc5-eadf-4b23-b74d-65dbcbe86049,784e956c-6de5-4b53-985d-8fff424fe1c8,3189d0f4-0fec-45f2-86e4-dadbc2967e68,reviewed,"",2026-06-15 21:34:58.351071+00,2026-06-15 21:35:06.335445+00,2026-06-15 21:35:06.663016+00,,,,,f
dcb16c3f-8d70-43cf-bb42-e339607dc4bf,784e956c-6de5-4b53-985d-8fff424fe1c8,f81a349a-4d83-4d8a-8c54-b04862b4d63c,reviewed,"",2026-06-15 22:59:09.670289+00,2026-06-15 22:59:18.486126+00,2026-06-15 22:59:18.871544+00,,,,,f
98b54cf2-da5b-4b05-90db-0679d04cb1d5,784e956c-6de5-4b53-985d-8fff424fe1c8,8b99f6ae-7571-454e-9000-4e336a585d59,reviewed,"",2026-06-15 22:55:35.449157+00,2026-06-15 22:56:37.212601+00,2026-06-15 22:56:40.187217+00,,,,,f
d6d5f879-2bea-4289-b66d-6ea2fd1dc217,784e956c-6de5-4b53-985d-8fff424fe1c8,b85d3b51-3ba4-4266-9ca2-c55c18c02423,reviewed,"",2026-06-16 01:20:06.140421+00,2026-06-16 01:20:19.177019+00,2026-06-16 01:20:19.670761+00,,,,,f
22dc61c9-02d5-4d16-8ea9-c418db35cb92,784e956c-6de5-4b53-985d-8fff424fe1c8,923a2cde-4be7-4083-a32b-d5548312542c,reviewed,"",2026-06-16 00:35:16.702294+00,2026-06-16 00:35:29.603875+00,2026-06-16 00:35:30.038331+00,,,,,f
54b71908-15ee-48c7-838d-9336fb2d8f1f,784e956c-6de5-4b53-985d-8fff424fe1c8,985d72a7-d4e1-4859-9fd6-d3fb7c35f55c,reviewed,"",2026-06-15 22:56:47.100351+00,2026-06-15 22:56:54.532527+00,2026-06-15 22:56:54.802216+00,,,,,f
d69ec8a6-0226-4f0c-872e-fdf68bc49b51,784e956c-6de5-4b53-985d-8fff424fe1c8,7e83a568-717b-4f95-a388-f1045940d91f,reviewed,"",2026-06-15 22:59:25.253601+00,2026-06-15 22:59:32.819175+00,2026-06-15 22:59:33.120711+00,,,,,f
933f9341-f8f2-49cd-9a0d-d76a61786965,784e956c-6de5-4b53-985d-8fff424fe1c8,74b33a37-59b5-4f2a-9248-b81cbbc36c1e,reviewed,"",2026-06-15 22:57:01.891731+00,2026-06-15 22:57:11.290338+00,2026-06-15 22:57:11.682702+00,,,,,f
df1cc09b-2f0e-478c-9f09-cec1074043c7,784e956c-6de5-4b53-985d-8fff424fe1c8,ffa1f867-7222-4776-8537-b976ad0556f9,reviewed,"",2026-06-15 22:57:18.451942+00,2026-06-15 22:57:25.10895+00,2026-06-15 22:57:25.351376+00,,,,,f
e0b2dceb-63d2-4bdb-be0f-459840614f0e,784e956c-6de5-4b53-985d-8fff424fe1c8,3189d0f4-0fec-45f2-86e4-dadbc2967e68,reviewed,"",2026-06-15 22:59:39.702313+00,2026-06-15 22:59:47.119933+00,2026-06-15 22:59:47.448419+00,,,,,f
933255f0-5ef6-4e1f-bc71-c1d8a166ea3c,784e956c-6de5-4b53-985d-8fff424fe1c8,50f36133-dac0-454a-8d0c-41b9877c387d,reviewed,"",2026-06-15 22:57:31.938539+00,2026-06-15 22:57:38.5244+00,2026-06-15 22:57:38.765931+00,,,,,f
c4370efb-e4bf-4c6f-997b-5d40835a1cf6,784e956c-6de5-4b53-985d-8fff424fe1c8,8b99f6ae-7571-454e-9000-4e336a585d59,reviewed,"",2026-06-16 01:17:05.154693+00,2026-06-16 01:18:07.693171+00,2026-06-16 01:18:10.713912+00,,,,,f
c5903ed3-9c3f-40df-a236-9d016520ed3f,784e956c-6de5-4b53-985d-8fff424fe1c8,c24c380b-d81f-43d3-a750-a59961a114ff,reviewed,"",2026-06-16 00:35:37.641416+00,2026-06-16 00:35:49.773659+00,2026-06-16 00:35:50.313827+00,,,,,f
4e0153f8-f8a1-44e6-9f0b-7d29d5c0c87c,784e956c-6de5-4b53-985d-8fff424fe1c8,73cb0edc-6ad8-442c-bcf7-0e951cbd151d,reviewed,"",2026-06-15 22:57:45.360433+00,2026-06-15 22:57:54.753136+00,2026-06-15 22:57:54.997413+00,,,,,f
d8542a09-1756-499b-a194-dacfd3aea712,784e956c-6de5-4b53-985d-8fff424fe1c8,8b99f6ae-7571-454e-9000-4e336a585d59,reviewed,"",2026-06-16 00:32:46.635276+00,2026-06-16 00:33:51.380653+00,2026-06-16 00:33:54.354875+00,,,,,f
98a0d9a3-57cc-4864-8264-5d48bdc048f3,784e956c-6de5-4b53-985d-8fff424fe1c8,73cb0edc-6ad8-442c-bcf7-0e951cbd151d,reviewed,"",2026-06-16 01:19:15.879674+00,2026-06-16 01:19:23.129229+00,2026-06-16 01:19:23.379419+00,,,,,f
aba43ebf-f173-453e-bd1e-f0b82741a335,784e956c-6de5-4b53-985d-8fff424fe1c8,985d72a7-d4e1-4859-9fd6-d3fb7c35f55c,reviewed,"",2026-06-16 00:34:01.521964+00,2026-06-16 00:34:08.938764+00,2026-06-16 00:34:09.211599+00,,,,,f
142317a7-0cb3-4fcd-a887-af960a994cfd,784e956c-6de5-4b53-985d-8fff424fe1c8,b85d3b51-3ba4-4266-9ca2-c55c18c02423,reviewed,"",2026-06-16 00:35:57.281991+00,2026-06-16 00:36:09.114653+00,2026-06-16 00:36:09.608638+00,,,,,f
b1fc0a87-b616-499a-84c1-0c88a96f9fbb,784e956c-6de5-4b53-985d-8fff424fe1c8,74b33a37-59b5-4f2a-9248-b81cbbc36c1e,reviewed,"",2026-06-16 00:34:16.12261+00,2026-06-16 00:34:25.955046+00,2026-06-16 00:34:26.32832+00,,,,,f
e6aac1d1-0eb4-48e1-83d8-144e99778b6d,784e956c-6de5-4b53-985d-8fff424fe1c8,985d72a7-d4e1-4859-9fd6-d3fb7c35f55c,reviewed,"",2026-06-16 01:18:17.889447+00,2026-06-16 01:18:25.879843+00,2026-06-16 01:18:26.15919+00,,,,,f
57c4a54b-d631-42df-94d9-0046ba26361a,784e956c-6de5-4b53-985d-8fff424fe1c8,ffa1f867-7222-4776-8537-b976ad0556f9,reviewed,"",2026-06-16 00:34:33.175244+00,2026-06-16 00:34:39.854917+00,2026-06-16 00:34:40.096304+00,,,,,f
2b731339-43fd-413d-b9ae-b0b9eb5f9df9,784e956c-6de5-4b53-985d-8fff424fe1c8,51905a02-7307-4279-8ee4-d838fefb99f2,reviewed,"",2026-06-16 00:36:16.525275+00,2026-06-16 00:36:22.957467+00,2026-06-16 00:36:23.203686+00,,,,,f
624b663c-0977-46b4-ab40-fd532dc6efac,784e956c-6de5-4b53-985d-8fff424fe1c8,7e83a568-717b-4f95-a388-f1045940d91f,reviewed,"",2026-06-16 01:20:57.137294+00,2026-06-16 01:21:06.011505+00,2026-06-16 01:21:06.316825+00,,,,,f
1e92c893-3341-44d9-a23d-54917329d54a,784e956c-6de5-4b53-985d-8fff424fe1c8,f81a349a-4d83-4d8a-8c54-b04862b4d63c,reviewed,"",2026-06-16 00:36:30.045618+00,2026-06-16 00:36:39.294808+00,2026-06-16 00:36:39.677566+00,,,,,f
1d35ad62-feb3-44d8-bb7b-c2591788b173,784e956c-6de5-4b53-985d-8fff424fe1c8,74b33a37-59b5-4f2a-9248-b81cbbc36c1e,reviewed,"",2026-06-16 01:18:32.536643+00,2026-06-16 01:18:41.791149+00,2026-06-16 01:18:42.178413+00,,,,,f
62dff30a-d7cc-45e8-83a5-d1e8bc280342,784e956c-6de5-4b53-985d-8fff424fe1c8,7e83a568-717b-4f95-a388-f1045940d91f,reviewed,"",2026-06-16 00:36:46.290543+00,2026-06-16 00:36:53.873135+00,2026-06-16 00:36:54.172635+00,,,,,f
127ee28e-329b-48d9-b527-75d64415dc04,784e956c-6de5-4b53-985d-8fff424fe1c8,923a2cde-4be7-4083-a32b-d5548312542c,reviewed,"",2026-06-16 01:19:30.353666+00,2026-06-16 01:19:40.176087+00,2026-06-16 01:19:40.619163+00,,,,,f
be6592d1-c123-415b-a478-afc31d3abb21,784e956c-6de5-4b53-985d-8fff424fe1c8,ffa1f867-7222-4776-8537-b976ad0556f9,reviewed,"",2026-06-16 01:18:48.872609+00,2026-06-16 01:18:55.661987+00,2026-06-16 01:18:55.909207+00,,,,,f
544852f6-a1c5-4e24-a53a-705c978dbd00,784e956c-6de5-4b53-985d-8fff424fe1c8,51905a02-7307-4279-8ee4-d838fefb99f2,reviewed,"",2026-06-16 01:20:26.780717+00,2026-06-16 01:20:32.983415+00,2026-06-16 01:20:33.22234+00,,,,,f
fac41412-ee1e-422f-831e-8f4c8529616a,784e956c-6de5-4b53-985d-8fff424fe1c8,8b99f6ae-7571-454e-9000-4e336a585d59,reviewed,"",2026-06-16 02:06:25.095361+00,2026-06-16 02:07:23.432721+00,2026-06-16 02:07:23.756506+00,,,,,f
481cff90-f62c-4149-815d-0b6c8e917db9,784e956c-6de5-4b53-985d-8fff424fe1c8,c24c380b-d81f-43d3-a750-a59961a114ff,reviewed,"",2026-06-16 01:19:47.320362+00,2026-06-16 01:19:58.927442+00,2026-06-16 01:19:59.468818+00,,,,,f
85e7aef4-dd83-402a-ab5f-03d924c1a7f0,784e956c-6de5-4b53-985d-8fff424fe1c8,3189d0f4-0fec-45f2-86e4-dadbc2967e68,reviewed,"",2026-06-16 01:21:18.828816+00,2026-06-16 01:21:26.46333+00,2026-06-16 01:21:26.795056+00,,,,,f
e95f094f-2253-47d4-8dac-78e72de7115f,784e956c-6de5-4b53-985d-8fff424fe1c8,f81a349a-4d83-4d8a-8c54-b04862b4d63c,reviewed,"",2026-06-16 01:20:39.636478+00,2026-06-16 01:20:48.776472+00,2026-06-16 01:20:49.162569+00,,,,,f
3a5306e1-adce-4ab0-be3f-152f47910bcd,784e956c-6de5-4b53-985d-8fff424fe1c8,50f36133-dac0-454a-8d0c-41b9877c387d,reviewed,"",2026-06-16 02:08:17.027819+00,2026-06-16 02:08:23.765189+00,2026-06-16 02:08:23.800148+00,,,,,f
d8d56a6c-416c-46dd-81d0-38d84cb87c26,784e956c-6de5-4b53-985d-8fff424fe1c8,74b33a37-59b5-4f2a-9248-b81cbbc36c1e,reviewed,"",2026-06-16 02:07:45.760495+00,2026-06-16 02:07:55.04615+00,2026-06-16 02:07:55.093044+00,,,,,f
319140f6-2ba5-4bc3-b3f1-7ea1d7e4f958,784e956c-6de5-4b53-985d-8fff424fe1c8,985d72a7-d4e1-4859-9fd6-d3fb7c35f55c,reviewed,"",2026-06-16 02:07:31.540458+00,2026-06-16 02:07:38.822899+00,2026-06-16 02:07:38.86358+00,,,,,f
03bf0fe6-6bb5-4914-b496-96109c3761f9,784e956c-6de5-4b53-985d-8fff424fe1c8,ffa1f867-7222-4776-8537-b976ad0556f9,reviewed,"",2026-06-16 02:08:02.379996+00,2026-06-16 02:08:09.981204+00,2026-06-16 02:08:10.003476+00,,,,,f
2c792efa-57ed-4f72-81c3-327bfc9ab25a,784e956c-6de5-4b53-985d-8fff424fe1c8,8b99f6ae-7571-454e-9000-4e336a585d59,reviewed,"",2026-06-16 02:45:24.445184+00,2026-06-16 02:46:13.239292+00,2026-06-16 02:46:13.59529+00,,,,,f
7fbc9f5e-bc20-4dde-967a-75e41a0c6b73,784e956c-6de5-4b53-985d-8fff424fe1c8,985d72a7-d4e1-4859-9fd6-d3fb7c35f55c,reviewed,"",2026-06-16 02:46:19.488052+00,2026-06-16 02:46:25.563696+00,2026-06-16 02:46:25.596491+00,,,,,f
d699652a-73af-46e8-8a39-04fa70715c6d,784e956c-6de5-4b53-985d-8fff424fe1c8,74b33a37-59b5-4f2a-9248-b81cbbc36c1e,reviewed,"",2026-06-16 02:46:31.096476+00,2026-06-16 02:46:38.865758+00,2026-06-16 02:46:38.911537+00,,,,,f
9ce9daec-82f6-44b8-8795-ab091607b4aa,784e956c-6de5-4b53-985d-8fff424fe1c8,ffa1f867-7222-4776-8537-b976ad0556f9,reviewed,"",2026-06-16 02:46:44.629822+00,2026-06-16 02:46:50.518267+00,2026-06-16 02:46:50.545599+00,,,,,f
94fb33a9-bade-4aa7-b2bd-39ba8a9a44ed,784e956c-6de5-4b53-985d-8fff424fe1c8,50f36133-dac0-454a-8d0c-41b9877c387d,reviewed,"",2026-06-16 02:46:56.092373+00,2026-06-16 02:47:01.709468+00,2026-06-16 02:47:01.736128+00,,,,,f
808b6d62-cb16-4c10-a5d8-4dd9351b8a76,784e956c-6de5-4b53-985d-8fff424fe1c8,73cb0edc-6ad8-442c-bcf7-0e951cbd151d,reviewed,"",2026-06-16 02:47:07.48732+00,2026-06-16 02:47:13.924304+00,2026-06-16 02:47:13.965193+00,,,,,f
8e4ebbd3-776e-44c1-9083-9d7b26539c10,784e956c-6de5-4b53-985d-8fff424fe1c8,923a2cde-4be7-4083-a32b-d5548312542c,reviewed,"",2026-06-16 02:47:19.503578+00,2026-06-16 02:47:27.634413+00,2026-06-16 02:47:27.686486+00,,,,,f
10640a34-9694-46fb-9779-42559999a881,784e956c-6de5-4b53-985d-8fff424fe1c8,b85d3b51-3ba4-4266-9ca2-c55c18c02423,reviewed,"",2026-06-16 03:33:32.002474+00,2026-06-16 03:33:41.987631+00,2026-06-16 03:33:42.037971+00,,,,,f
9c947145-d685-42e6-8076-bf15e3abd3f2,784e956c-6de5-4b53-985d-8fff424fe1c8,c24c380b-d81f-43d3-a750-a59961a114ff,reviewed,"",2026-06-16 02:47:33.112727+00,2026-06-16 02:47:42.621284+00,2026-06-16 02:47:42.69105+00,,,,,f
7677d365-00bf-48f1-b630-a89840575b44,784e956c-6de5-4b53-985d-8fff424fe1c8,923a2cde-4be7-4083-a32b-d5548312542c,reviewed,"",2026-06-16 05:04:34.882532+00,2026-06-16 05:04:43.399596+00,2026-06-16 05:04:43.454257+00,,,,,f
236c8dec-9d57-4f16-a94c-8b17de9d58b6,784e956c-6de5-4b53-985d-8fff424fe1c8,923a2cde-4be7-4083-a32b-d5548312542c,reviewed,"",2026-06-16 04:18:32.186818+00,2026-06-16 04:18:40.384007+00,2026-06-16 04:18:40.431123+00,,,,,f
60505fb2-0d89-41b7-9da8-64ede78af02d,784e956c-6de5-4b53-985d-8fff424fe1c8,b85d3b51-3ba4-4266-9ca2-c55c18c02423,reviewed,"",2026-06-16 02:47:48.42653+00,2026-06-16 02:47:58.02515+00,2026-06-16 02:47:58.080936+00,,,,,f
5b34863f-b3f2-4164-9cc2-91684c4f35d2,784e956c-6de5-4b53-985d-8fff424fe1c8,51905a02-7307-4279-8ee4-d838fefb99f2,reviewed,"",2026-06-16 03:33:47.571932+00,2026-06-16 03:33:53.035177+00,2026-06-16 03:33:53.059308+00,,,,,f
227d7cdd-5285-47dd-b1ca-b372a11f4fb7,784e956c-6de5-4b53-985d-8fff424fe1c8,51905a02-7307-4279-8ee4-d838fefb99f2,reviewed,"",2026-06-16 02:48:03.640094+00,2026-06-16 02:48:09.072879+00,2026-06-16 02:48:09.09267+00,,,,,f
e6191045-6353-4130-b339-dd8b9c597a86,784e956c-6de5-4b53-985d-8fff424fe1c8,f81a349a-4d83-4d8a-8c54-b04862b4d63c,reviewed,"",2026-06-16 02:48:14.793628+00,2026-06-16 02:48:22.152875+00,2026-06-16 02:48:22.192554+00,,,,,f
b941f6e3-5997-4db7-b09b-c807e56b2c7e,784e956c-6de5-4b53-985d-8fff424fe1c8,f81a349a-4d83-4d8a-8c54-b04862b4d63c,reviewed,"",2026-06-16 03:33:58.713467+00,2026-06-16 03:34:06.336198+00,2026-06-16 03:34:06.380214+00,,,,,f
db8442fa-9ed5-4a5c-bbdd-ea35f590222a,784e956c-6de5-4b53-985d-8fff424fe1c8,7e83a568-717b-4f95-a388-f1045940d91f,reviewed,"",2026-06-16 02:48:27.700339+00,2026-06-16 02:48:34.03177+00,2026-06-16 02:48:34.060626+00,,,,,f
5e8b94f5-5611-45e8-82e2-109ca51f21da,784e956c-6de5-4b53-985d-8fff424fe1c8,985d72a7-d4e1-4859-9fd6-d3fb7c35f55c,reviewed,"",2026-06-16 05:03:34.850673+00,2026-06-16 05:03:41.303837+00,2026-06-16 05:03:41.335237+00,,,,,f
9d84b772-c656-42c7-964e-974d492cc25d,784e956c-6de5-4b53-985d-8fff424fe1c8,c24c380b-d81f-43d3-a750-a59961a114ff,reviewed,"",2026-06-16 04:18:45.98629+00,2026-06-16 04:18:55.642716+00,2026-06-16 04:18:55.699393+00,,,,,f
848edd6f-4970-41a8-b687-65832a060889,784e956c-6de5-4b53-985d-8fff424fe1c8,3189d0f4-0fec-45f2-86e4-dadbc2967e68,reviewed,"",2026-06-16 02:48:39.550458+00,2026-06-16 02:48:45.878009+00,2026-06-16 02:48:45.912203+00,,,,,f
4d86498c-2353-4516-a0ea-1664e80156d3,784e956c-6de5-4b53-985d-8fff424fe1c8,7e83a568-717b-4f95-a388-f1045940d91f,reviewed,"",2026-06-16 03:34:11.932858+00,2026-06-16 03:34:18.316281+00,2026-06-16 03:34:18.34706+00,,,,,f
1c4c3a60-bd18-490e-90a5-d088b7a53af2,784e956c-6de5-4b53-985d-8fff424fe1c8,8b99f6ae-7571-454e-9000-4e336a585d59,reviewed,"",2026-06-16 03:31:05.394341+00,2026-06-16 03:31:54.435636+00,2026-06-16 03:31:54.734142+00,,,,,f
63e24b50-dce9-4a25-b614-fc9fcd07cbcd,784e956c-6de5-4b53-985d-8fff424fe1c8,985d72a7-d4e1-4859-9fd6-d3fb7c35f55c,reviewed,"",2026-06-16 03:32:00.573939+00,2026-06-16 03:32:07.157499+00,2026-06-16 03:32:07.186395+00,,,,,f
a000adad-8040-42b4-a95d-6c77cf598cad,784e956c-6de5-4b53-985d-8fff424fe1c8,3189d0f4-0fec-45f2-86e4-dadbc2967e68,reviewed,"",2026-06-16 03:34:23.926167+00,2026-06-16 03:34:30.311184+00,2026-06-16 03:34:30.35124+00,,,,,f
edd3ddd8-e2f5-454c-9d49-408ba193a2d8,784e956c-6de5-4b53-985d-8fff424fe1c8,74b33a37-59b5-4f2a-9248-b81cbbc36c1e,reviewed,"",2026-06-16 03:32:12.737049+00,2026-06-16 03:32:20.809298+00,2026-06-16 03:32:20.859145+00,,,,,f
3622ac74-e33a-4b3d-8e81-96ba1853e393,784e956c-6de5-4b53-985d-8fff424fe1c8,f81a349a-4d83-4d8a-8c54-b04862b4d63c,reviewed,"",2026-06-16 05:05:40.040065+00,2026-06-16 05:05:50.213663+00,2026-06-16 05:05:50.254798+00,,,,,f
793b8e1f-d86a-4b0f-ab00-7fba6b24bf2e,784e956c-6de5-4b53-985d-8fff424fe1c8,b85d3b51-3ba4-4266-9ca2-c55c18c02423,reviewed,"",2026-06-16 04:19:01.143408+00,2026-06-16 04:19:10.925681+00,2026-06-16 04:19:11.001997+00,,,,,f
f30fe01d-c9cc-4a11-99cf-1005845b0e3e,784e956c-6de5-4b53-985d-8fff424fe1c8,ffa1f867-7222-4776-8537-b976ad0556f9,reviewed,"",2026-06-16 03:32:26.848711+00,2026-06-16 03:32:32.756197+00,2026-06-16 03:32:32.783122+00,,,,,f
3df0f3d3-7ab6-487b-b0f4-7ec1557ca065,784e956c-6de5-4b53-985d-8fff424fe1c8,8b99f6ae-7571-454e-9000-4e336a585d59,reviewed,"",2026-06-16 04:16:36.269293+00,2026-06-16 04:17:25.500922+00,2026-06-16 04:17:25.815361+00,,,,,f
f952c855-9e61-4522-917e-c15e9c75b366,784e956c-6de5-4b53-985d-8fff424fe1c8,50f36133-dac0-454a-8d0c-41b9877c387d,reviewed,"",2026-06-16 03:32:38.381379+00,2026-06-16 03:32:44.295363+00,2026-06-16 03:32:44.325449+00,,,,,f
3b3c578b-b7b1-47e0-9baf-0761a3363292,784e956c-6de5-4b53-985d-8fff424fe1c8,73cb0edc-6ad8-442c-bcf7-0e951cbd151d,reviewed,"",2026-06-16 03:32:49.999786+00,2026-06-16 03:32:56.549909+00,2026-06-16 03:32:56.570942+00,,,,,f
6ab2e600-ee9c-4ded-b296-2d5ced2062bf,784e956c-6de5-4b53-985d-8fff424fe1c8,985d72a7-d4e1-4859-9fd6-d3fb7c35f55c,reviewed,"",2026-06-16 04:17:32.112502+00,2026-06-16 04:17:38.43282+00,2026-06-16 04:17:38.462206+00,,,,,f
c6b879ae-e7cd-4516-92de-d803c153636b,784e956c-6de5-4b53-985d-8fff424fe1c8,923a2cde-4be7-4083-a32b-d5548312542c,reviewed,"",2026-06-16 03:33:02.152155+00,2026-06-16 03:33:10.758069+00,2026-06-16 03:33:10.80158+00,,,,,f
6d2a4dd6-3029-40eb-afb9-b3fdf15b4595,784e956c-6de5-4b53-985d-8fff424fe1c8,74b33a37-59b5-4f2a-9248-b81cbbc36c1e,reviewed,"",2026-06-16 05:03:46.842795+00,2026-06-16 05:03:54.817074+00,2026-06-16 05:03:54.864276+00,,,,,f
8fae45cd-4704-45db-9001-ec52b5896787,784e956c-6de5-4b53-985d-8fff424fe1c8,51905a02-7307-4279-8ee4-d838fefb99f2,reviewed,"",2026-06-16 04:19:16.548424+00,2026-06-16 04:19:21.908201+00,2026-06-16 04:19:21.937359+00,,,,,f
05d780f3-ee7e-4011-8560-dcbb8a118d9f,784e956c-6de5-4b53-985d-8fff424fe1c8,c24c380b-d81f-43d3-a750-a59961a114ff,reviewed,"",2026-06-16 03:33:16.468952+00,2026-06-16 03:33:26.473517+00,2026-06-16 03:33:26.53415+00,,,,,f
431d88e0-d2ed-4842-a75f-1826ccd35b85,784e956c-6de5-4b53-985d-8fff424fe1c8,74b33a37-59b5-4f2a-9248-b81cbbc36c1e,reviewed,"",2026-06-16 04:17:43.970891+00,2026-06-16 04:17:51.857225+00,2026-06-16 04:17:51.906259+00,,,,,f
17554092-3670-4de7-9e1a-96b98fc0ff5b,784e956c-6de5-4b53-985d-8fff424fe1c8,c24c380b-d81f-43d3-a750-a59961a114ff,reviewed,"",2026-06-16 05:04:48.966432+00,2026-06-16 05:04:58.487957+00,2026-06-16 05:04:58.556848+00,,,,,f
42f6068e-210e-4814-95d2-ab26a175a79c,784e956c-6de5-4b53-985d-8fff424fe1c8,ffa1f867-7222-4776-8537-b976ad0556f9,reviewed,"",2026-06-16 04:17:57.732819+00,2026-06-16 04:18:03.435415+00,2026-06-16 04:18:03.461147+00,,,,,f
bea40261-aecb-4d7a-ac29-148bbb6c52df,784e956c-6de5-4b53-985d-8fff424fe1c8,f81a349a-4d83-4d8a-8c54-b04862b4d63c,reviewed,"",2026-06-16 04:19:27.368942+00,2026-06-16 04:19:35.133372+00,2026-06-16 04:19:35.176832+00,,,,,f
686695fb-cbf2-40b1-b7a4-a29765922a87,784e956c-6de5-4b53-985d-8fff424fe1c8,50f36133-dac0-454a-8d0c-41b9877c387d,reviewed,"",2026-06-16 04:18:08.832399+00,2026-06-16 04:18:14.5852+00,2026-06-16 04:18:14.616067+00,,,,,f
81793880-8002-405a-a304-162eb108fcf7,784e956c-6de5-4b53-985d-8fff424fe1c8,ffa1f867-7222-4776-8537-b976ad0556f9,reviewed,"",2026-06-16 05:04:00.33458+00,2026-06-16 05:04:06.211894+00,2026-06-16 05:04:06.239715+00,,,,,f
ad4be249-3b14-4f0d-8399-efa2346de970,784e956c-6de5-4b53-985d-8fff424fe1c8,73cb0edc-6ad8-442c-bcf7-0e951cbd151d,reviewed,"",2026-06-16 04:18:20.190344+00,2026-06-16 04:18:26.732041+00,2026-06-16 04:18:26.748542+00,,,,,f
8a9bc106-d4bf-4cd1-ad76-64476d4bcc9b,784e956c-6de5-4b53-985d-8fff424fe1c8,7e83a568-717b-4f95-a388-f1045940d91f,reviewed,"",2026-06-16 04:19:40.658232+00,2026-06-16 04:19:47.050299+00,2026-06-16 04:19:47.093685+00,,,,,f
e6152056-0e76-49bd-ac6b-33e16c4582f2,784e956c-6de5-4b53-985d-8fff424fe1c8,8b99f6ae-7571-454e-9000-4e336a585d59,reviewed,"",2026-06-16 05:49:23.159061+00,2026-06-16 05:50:15.328903+00,2026-06-16 05:50:15.603256+00,,,,,f
bef4ec1c-6a38-41ff-a993-dae7e153a0d9,784e956c-6de5-4b53-985d-8fff424fe1c8,3189d0f4-0fec-45f2-86e4-dadbc2967e68,reviewed,"",2026-06-16 04:19:52.777335+00,2026-06-16 04:19:59.195007+00,2026-06-16 04:19:59.226548+00,,,,,f
94282d37-8720-4620-9bf4-3fcbefb2e5ed,784e956c-6de5-4b53-985d-8fff424fe1c8,50f36133-dac0-454a-8d0c-41b9877c387d,reviewed,"",2026-06-16 05:04:12.014418+00,2026-06-16 05:04:17.855608+00,2026-06-16 05:04:17.877338+00,,,,,f
677783c7-fd84-4fe2-a70f-5f54f6be74d1,784e956c-6de5-4b53-985d-8fff424fe1c8,8b99f6ae-7571-454e-9000-4e336a585d59,reviewed,"",2026-06-16 05:02:39.431024+00,2026-06-16 05:03:28.694838+00,2026-06-16 05:03:29.007238+00,,,,,f
7be83bf8-17ee-4b3c-b16c-793bf0994922,784e956c-6de5-4b53-985d-8fff424fe1c8,b85d3b51-3ba4-4266-9ca2-c55c18c02423,reviewed,"",2026-06-16 05:05:04.052047+00,2026-06-16 05:05:13.808649+00,2026-06-16 05:05:13.856193+00,,,,,f
7023d66d-bd97-43cd-9ac1-e68a73c41a67,784e956c-6de5-4b53-985d-8fff424fe1c8,73cb0edc-6ad8-442c-bcf7-0e951cbd151d,reviewed,"",2026-06-16 05:04:23.329913+00,2026-06-16 05:04:29.338544+00,2026-06-16 05:04:29.36803+00,,,,,f
e4f803da-2d6e-4af2-8ed8-e560b0e10628,784e956c-6de5-4b53-985d-8fff424fe1c8,7e83a568-717b-4f95-a388-f1045940d91f,reviewed,"",2026-06-16 05:05:59.853795+00,2026-06-16 05:06:09.144541+00,2026-06-16 05:06:09.178249+00,,,,,f
0f3205d6-576c-42c0-ba66-f27cb6a671e8,784e956c-6de5-4b53-985d-8fff424fe1c8,74b33a37-59b5-4f2a-9248-b81cbbc36c1e,reviewed,"",2026-06-16 05:50:42.735904+00,2026-06-16 05:50:50.904167+00,2026-06-16 05:50:50.944312+00,,,,,f
34bab8cf-e793-4044-98d6-729b3e41ac57,784e956c-6de5-4b53-985d-8fff424fe1c8,51905a02-7307-4279-8ee4-d838fefb99f2,reviewed,"",2026-06-16 05:05:20.885008+00,2026-06-16 05:05:29.009173+00,2026-06-16 05:05:29.033178+00,,,,,f
a6134ea8-1f10-4d1d-962f-486e9a425e62,784e956c-6de5-4b53-985d-8fff424fe1c8,985d72a7-d4e1-4859-9fd6-d3fb7c35f55c,reviewed,"",2026-06-16 05:50:29.454969+00,2026-06-16 05:50:36.423781+00,2026-06-16 05:50:36.452+00,,,,,f
fedc4219-e2ee-4132-9117-64db37a6f0c6,784e956c-6de5-4b53-985d-8fff424fe1c8,3189d0f4-0fec-45f2-86e4-dadbc2967e68,reviewed,"",2026-06-16 05:06:15.179915+00,2026-06-16 05:06:21.728542+00,2026-06-16 05:06:21.764644+00,,,,,f
2f7a69eb-c0bb-49b5-a28b-31097e58c5a3,784e956c-6de5-4b53-985d-8fff424fe1c8,923a2cde-4be7-4083-a32b-d5548312542c,reviewed,"",2026-06-16 05:51:34.819846+00,2026-06-16 05:51:43.670244+00,2026-06-16 05:51:43.71609+00,,,,,f
c548dcbe-f6d7-42ee-98d1-d4ce7e1092b3,784e956c-6de5-4b53-985d-8fff424fe1c8,50f36133-dac0-454a-8d0c-41b9877c387d,reviewed,"",2026-06-16 05:51:09.818243+00,2026-06-16 05:51:15.811295+00,2026-06-16 05:51:15.83522+00,,,,,f
65688961-f09e-45f5-9884-d328e59bfa76,784e956c-6de5-4b53-985d-8fff424fe1c8,ffa1f867-7222-4776-8537-b976ad0556f9,reviewed,"",2026-06-16 05:50:57.215038+00,2026-06-16 05:51:03.379161+00,2026-06-16 05:51:03.405529+00,,,,,f
1776bc6b-7916-4275-927c-707e8994a38f,784e956c-6de5-4b53-985d-8fff424fe1c8,73cb0edc-6ad8-442c-bcf7-0e951cbd151d,reviewed,"",2026-06-16 05:51:21.734506+00,2026-06-16 05:51:28.372081+00,2026-06-16 05:51:28.395054+00,,,,,f
dcccb14b-ddc6-4a9b-97d4-9b960bbaa488,784e956c-6de5-4b53-985d-8fff424fe1c8,c24c380b-d81f-43d3-a750-a59961a114ff,reviewed,"",2026-06-16 05:51:49.396289+00,2026-06-16 05:51:59.578729+00,2026-06-16 05:51:59.626478+00,,,,,f
e60b8263-0460-4595-adfc-6859e0b0cb0b,784e956c-6de5-4b53-985d-8fff424fe1c8,b85d3b51-3ba4-4266-9ca2-c55c18c02423,reviewed,"",2026-06-16 05:52:05.965545+00,2026-06-16 05:52:17.041254+00,2026-06-16 05:52:17.090232+00,,,,,f
1a181461-554e-4d7e-93c8-f2f9d9ac2cb9,784e956c-6de5-4b53-985d-8fff424fe1c8,51905a02-7307-4279-8ee4-d838fefb99f2,reviewed,"",2026-06-16 05:52:22.889951+00,2026-06-16 05:52:28.306338+00,2026-06-16 05:52:28.335882+00,,,,,f
2572dc3a-0e8d-425b-9953-e2daf16d812f,784e956c-6de5-4b53-985d-8fff424fe1c8,f81a349a-4d83-4d8a-8c54-b04862b4d63c,reviewed,"",2026-06-16 05:52:34.652628+00,2026-06-16 05:52:42.391363+00,2026-06-16 05:52:42.422708+00,,,,,f
4c70dc28-f57b-41c1-9eaf-26c06fa15d4e,784e956c-6de5-4b53-985d-8fff424fe1c8,7e83a568-717b-4f95-a388-f1045940d91f,reviewed,"",2026-06-16 05:52:48.329787+00,2026-06-16 05:52:54.992133+00,2026-06-16 05:52:55.027432+00,,,,,f
77ea5b8e-9fad-47b7-91a3-7feac70e6269,784e956c-6de5-4b53-985d-8fff424fe1c8,3189d0f4-0fec-45f2-86e4-dadbc2967e68,reviewed,"",2026-06-16 05:53:00.736885+00,2026-06-16 05:53:07.308419+00,2026-06-16 05:53:07.336153+00,,,,,f
98c1804f-9280-4da8-8bc6-454927f7de21,784e956c-6de5-4b53-985d-8fff424fe1c8,8b99f6ae-7571-454e-9000-4e336a585d59,reviewed,"",2026-06-16 06:33:52.92533+00,2026-06-16 06:34:42.060786+00,2026-06-16 06:34:42.246823+00,,,,,f
fb45cb13-7f61-4a27-9d99-f9347307beae,784e956c-6de5-4b53-985d-8fff424fe1c8,74b33a37-59b5-4f2a-9248-b81cbbc36c1e,reviewed,"",2026-06-16 07:19:49.536023+00,2026-06-16 07:19:58.007641+00,2026-06-16 07:19:58.02848+00,,,,,f
5a4140b2-d52a-4d64-8eaf-14786f66c2d2,784e956c-6de5-4b53-985d-8fff424fe1c8,985d72a7-d4e1-4859-9fd6-d3fb7c35f55c,reviewed,"",2026-06-16 06:34:48.251305+00,2026-06-16 06:34:54.702253+00,2026-06-16 06:34:54.720002+00,,,,,f
2ddae600-cdc8-4673-bd63-b789d9d45938,784e956c-6de5-4b53-985d-8fff424fe1c8,985d72a7-d4e1-4859-9fd6-d3fb7c35f55c,reviewed,"",2026-06-16 08:50:42.596906+00,2026-06-16 08:50:49.138141+00,2026-06-16 08:50:49.161404+00,,,,,f
a074d7b7-5147-4c25-9c36-b488acd2eb95,784e956c-6de5-4b53-985d-8fff424fe1c8,8b99f6ae-7571-454e-9000-4e336a585d59,reviewed,"",2026-06-16 08:08:20.720157+00,2026-06-16 08:09:18.969796+00,2026-06-16 08:09:19.291872+00,,,,,f
e370fa7d-5689-4f41-ab3e-c67fe6a407fe,784e956c-6de5-4b53-985d-8fff424fe1c8,74b33a37-59b5-4f2a-9248-b81cbbc36c1e,reviewed,"",2026-06-16 06:35:00.709153+00,2026-06-16 06:35:08.593005+00,2026-06-16 06:35:08.622781+00,,,,,f
28171d56-ebf7-434a-8770-fe2480a8f91e,784e956c-6de5-4b53-985d-8fff424fe1c8,ffa1f867-7222-4776-8537-b976ad0556f9,reviewed,"",2026-06-16 07:20:03.905791+00,2026-06-16 07:20:10.219374+00,2026-06-16 07:20:10.239019+00,,,,,f
78a6aa6d-2d43-4ae6-a930-e149dc194264,784e956c-6de5-4b53-985d-8fff424fe1c8,ffa1f867-7222-4776-8537-b976ad0556f9,reviewed,"",2026-06-16 06:35:14.598628+00,2026-06-16 06:35:20.356619+00,2026-06-16 06:35:20.374057+00,,,,,f
8e9467bc-635c-4627-abe6-c247ea82ca98,784e956c-6de5-4b53-985d-8fff424fe1c8,50f36133-dac0-454a-8d0c-41b9877c387d,reviewed,"",2026-06-16 06:35:25.952037+00,2026-06-16 06:35:31.623994+00,2026-06-16 06:35:31.643541+00,,,,,f
69b5edf7-f448-4674-bad0-125a2a2dbc43,784e956c-6de5-4b53-985d-8fff424fe1c8,50f36133-dac0-454a-8d0c-41b9877c387d,reviewed,"",2026-06-16 07:20:20.419693+00,2026-06-16 07:20:32.88754+00,2026-06-16 07:20:32.901092+00,,,,,f
3c8793cb-d8fd-4e72-897d-7173ed6c9ead,784e956c-6de5-4b53-985d-8fff424fe1c8,73cb0edc-6ad8-442c-bcf7-0e951cbd151d,reviewed,"",2026-06-16 06:35:37.205741+00,2026-06-16 06:35:43.296469+00,2026-06-16 06:35:43.316244+00,,,,,f
1b3b6c1a-fb8e-4647-919e-93076829337e,784e956c-6de5-4b53-985d-8fff424fe1c8,b85d3b51-3ba4-4266-9ca2-c55c18c02423,reviewed,"",2026-06-16 08:11:26.449358+00,2026-06-16 08:11:38.522998+00,2026-06-16 08:11:38.58394+00,,,,,f
43b8f830-f6c1-47a9-b15a-b44751e366c7,784e956c-6de5-4b53-985d-8fff424fe1c8,985d72a7-d4e1-4859-9fd6-d3fb7c35f55c,reviewed,"",2026-06-16 08:09:26.155314+00,2026-06-16 08:09:33.637228+00,2026-06-16 08:09:33.659953+00,,,,,f
3d04cd80-4dae-4799-bec4-22fca928292f,784e956c-6de5-4b53-985d-8fff424fe1c8,923a2cde-4be7-4083-a32b-d5548312542c,reviewed,"",2026-06-16 06:35:48.930283+00,2026-06-16 06:35:57.251189+00,2026-06-16 06:35:57.276426+00,,,,,f
a419ce5d-5ded-4f28-b3dc-42a4910fce75,784e956c-6de5-4b53-985d-8fff424fe1c8,73cb0edc-6ad8-442c-bcf7-0e951cbd151d,reviewed,"",2026-06-16 07:20:49.13054+00,2026-06-16 07:20:57.11975+00,2026-06-16 07:20:57.136386+00,,,,,f
d7c4d8b1-e748-42d1-96c9-2fc372dcd55a,784e956c-6de5-4b53-985d-8fff424fe1c8,c24c380b-d81f-43d3-a750-a59961a114ff,reviewed,"",2026-06-16 06:36:02.907554+00,2026-06-16 06:36:12.231012+00,2026-06-16 06:36:12.258433+00,,,,,f
d47c945c-b3e7-4c99-88bf-6e724866af08,784e956c-6de5-4b53-985d-8fff424fe1c8,b85d3b51-3ba4-4266-9ca2-c55c18c02423,reviewed,"",2026-06-16 06:36:17.821781+00,2026-06-16 06:36:27.29087+00,2026-06-16 06:36:27.324048+00,,,,,f
f4a3dbd5-ee5b-430a-b8ec-1ce5023ac6c5,784e956c-6de5-4b53-985d-8fff424fe1c8,923a2cde-4be7-4083-a32b-d5548312542c,reviewed,"",2026-06-16 07:21:03.698154+00,2026-06-16 07:21:12.517917+00,2026-06-16 07:21:12.546681+00,,,,,f
625370f6-e56a-4fd0-aa7b-8a9269c9e611,784e956c-6de5-4b53-985d-8fff424fe1c8,51905a02-7307-4279-8ee4-d838fefb99f2,reviewed,"",2026-06-16 06:36:33.248156+00,2026-06-16 06:36:38.563498+00,2026-06-16 06:36:38.578807+00,,,,,f
f12e8e9c-b173-476e-85b1-44857c8508c7,784e956c-6de5-4b53-985d-8fff424fe1c8,73cb0edc-6ad8-442c-bcf7-0e951cbd151d,reviewed,"",2026-06-16 08:51:31.934209+00,2026-06-16 08:51:38.82866+00,2026-06-16 08:51:38.854697+00,,,,,f
415876ac-10fe-4fcf-bfd4-a5774b774c72,784e956c-6de5-4b53-985d-8fff424fe1c8,74b33a37-59b5-4f2a-9248-b81cbbc36c1e,reviewed,"",2026-06-16 08:09:40.369052+00,2026-06-16 08:09:49.642836+00,2026-06-16 08:09:49.681384+00,,,,,f
ceeabc7c-ba0f-4267-a473-2759e5665a48,784e956c-6de5-4b53-985d-8fff424fe1c8,f81a349a-4d83-4d8a-8c54-b04862b4d63c,reviewed,"",2026-06-16 06:36:44.081565+00,2026-06-16 06:36:51.501705+00,2026-06-16 06:36:51.523148+00,,,,,f
b63a19d9-6452-442c-84b5-9578566f1383,784e956c-6de5-4b53-985d-8fff424fe1c8,c24c380b-d81f-43d3-a750-a59961a114ff,reviewed,"",2026-06-16 07:21:18.148661+00,2026-06-16 07:21:30.017277+00,2026-06-16 07:21:30.04627+00,,,,,f
08593ed1-c576-411e-9b2c-a418843ad2ad,784e956c-6de5-4b53-985d-8fff424fe1c8,7e83a568-717b-4f95-a388-f1045940d91f,reviewed,"",2026-06-16 06:36:57.142043+00,2026-06-16 06:37:03.625516+00,2026-06-16 06:37:03.64196+00,,,,,f
f7b61952-c2e9-4011-b652-3e377a997d52,784e956c-6de5-4b53-985d-8fff424fe1c8,3189d0f4-0fec-45f2-86e4-dadbc2967e68,reviewed,"",2026-06-16 06:37:09.647408+00,2026-06-16 06:37:15.954399+00,2026-06-16 06:37:15.974228+00,,,,,f
983b1935-e56c-4e43-b707-8e260e06c231,784e956c-6de5-4b53-985d-8fff424fe1c8,b85d3b51-3ba4-4266-9ca2-c55c18c02423,reviewed,"",2026-06-16 07:21:39.321457+00,2026-06-16 07:21:51.612867+00,2026-06-16 07:21:51.66853+00,,,,,f
5d6cb603-5323-4689-92cb-ab85f4deb7ef,784e956c-6de5-4b53-985d-8fff424fe1c8,8b99f6ae-7571-454e-9000-4e336a585d59,reviewed,"",2026-06-16 07:18:41.846993+00,2026-06-16 07:19:31.239549+00,2026-06-16 07:19:31.398379+00,,,,,f
58464e86-6af1-4a45-8e54-eb49750b1476,784e956c-6de5-4b53-985d-8fff424fe1c8,51905a02-7307-4279-8ee4-d838fefb99f2,reviewed,"",2026-06-16 08:11:45.873502+00,2026-06-16 08:11:52.263451+00,2026-06-16 08:11:52.283463+00,,,,,f
fe253d3c-ba78-4ac2-a1fd-d26abb210466,784e956c-6de5-4b53-985d-8fff424fe1c8,ffa1f867-7222-4776-8537-b976ad0556f9,reviewed,"",2026-06-16 08:09:57.021708+00,2026-06-16 08:10:03.583611+00,2026-06-16 08:10:03.609321+00,,,,,f
4c4f543b-b4a2-4703-b1b4-893164dfa9e5,784e956c-6de5-4b53-985d-8fff424fe1c8,985d72a7-d4e1-4859-9fd6-d3fb7c35f55c,reviewed,"",2026-06-16 07:19:37.567749+00,2026-06-16 07:19:43.889932+00,2026-06-16 07:19:43.911092+00,,,,,f
0fd7082d-9ccd-4936-b51f-b63dce3ed817,784e956c-6de5-4b53-985d-8fff424fe1c8,51905a02-7307-4279-8ee4-d838fefb99f2,reviewed,"",2026-06-16 07:21:57.805692+00,2026-06-16 07:22:03.583385+00,2026-06-16 07:22:03.613898+00,,,,,f
1ead9199-c456-4ff8-8f6b-d1ec14b1e5b5,784e956c-6de5-4b53-985d-8fff424fe1c8,74b33a37-59b5-4f2a-9248-b81cbbc36c1e,reviewed,"",2026-06-16 08:50:55.181685+00,2026-06-16 08:51:03.243082+00,2026-06-16 08:51:03.289336+00,,,,,f
e0071235-d660-40fe-b022-494031a3ff96,784e956c-6de5-4b53-985d-8fff424fe1c8,f81a349a-4d83-4d8a-8c54-b04862b4d63c,reviewed,"",2026-06-16 07:22:10.249845+00,2026-06-16 07:22:17.816021+00,2026-06-16 07:22:17.934673+00,,,,,f
20c069d5-0113-415a-82e0-981957e1c3fa,784e956c-6de5-4b53-985d-8fff424fe1c8,50f36133-dac0-454a-8d0c-41b9877c387d,reviewed,"",2026-06-16 08:10:12.680505+00,2026-06-16 08:10:21.084468+00,2026-06-16 08:10:21.107164+00,,,,,f
11a89b6c-26b8-4cce-b782-04ba63004710,784e956c-6de5-4b53-985d-8fff424fe1c8,7e83a568-717b-4f95-a388-f1045940d91f,reviewed,"",2026-06-16 07:22:23.452601+00,2026-06-16 07:22:30.444513+00,2026-06-16 07:22:30.473072+00,,,,,f
48c35fc5-3b42-4e6c-b4b3-6e38768d996e,784e956c-6de5-4b53-985d-8fff424fe1c8,f81a349a-4d83-4d8a-8c54-b04862b4d63c,reviewed,"",2026-06-16 08:11:59.73271+00,2026-06-16 08:12:08.775429+00,2026-06-16 08:12:08.810967+00,,,,,f
a8fc0f86-bda3-40da-98a7-a23139362008,784e956c-6de5-4b53-985d-8fff424fe1c8,3189d0f4-0fec-45f2-86e4-dadbc2967e68,reviewed,"",2026-06-16 07:22:36.029545+00,2026-06-16 07:22:42.516307+00,2026-06-16 07:22:42.548465+00,,,,,f
6b1ea4a4-db65-4c73-b0ed-2ea323d0050e,784e956c-6de5-4b53-985d-8fff424fe1c8,73cb0edc-6ad8-442c-bcf7-0e951cbd151d,reviewed,"",2026-06-16 08:10:28.885812+00,2026-06-16 08:10:36.550686+00,2026-06-16 08:10:36.578149+00,,,,,f
100fc206-0fc3-4912-9464-20ecfde44f8b,784e956c-6de5-4b53-985d-8fff424fe1c8,b85d3b51-3ba4-4266-9ca2-c55c18c02423,reviewed,"",2026-06-16 08:52:15.206564+00,2026-06-16 08:52:25.451256+00,2026-06-16 08:52:25.520674+00,,,,,f
ddaee821-34c9-424c-8328-f8ff346b9b9f,784e956c-6de5-4b53-985d-8fff424fe1c8,923a2cde-4be7-4083-a32b-d5548312542c,reviewed,"",2026-06-16 08:10:46.628551+00,2026-06-16 08:10:59.043367+00,2026-06-16 08:10:59.09114+00,,,,,f
db511daf-8a17-4a6a-a349-3ff989c9c8e2,784e956c-6de5-4b53-985d-8fff424fe1c8,7e83a568-717b-4f95-a388-f1045940d91f,reviewed,"",2026-06-16 08:12:16.386401+00,2026-06-16 08:12:24.294692+00,2026-06-16 08:12:24.329158+00,,,,,f
9d0cd8a3-19e5-4bdf-9bab-fa234e2b27d8,784e956c-6de5-4b53-985d-8fff424fe1c8,c24c380b-d81f-43d3-a750-a59961a114ff,reviewed,"",2026-06-16 08:11:07.321417+00,2026-06-16 08:11:18.961834+00,2026-06-16 08:11:19.040808+00,,,,,f
e615bfbd-d7d6-4995-b193-902f92ca5e07,784e956c-6de5-4b53-985d-8fff424fe1c8,ffa1f867-7222-4776-8537-b976ad0556f9,reviewed,"",2026-06-16 08:51:08.975383+00,2026-06-16 08:51:15.261625+00,2026-06-16 08:51:15.283957+00,,,,,f
697cf577-e305-4071-a830-0411831a88a3,784e956c-6de5-4b53-985d-8fff424fe1c8,8b99f6ae-7571-454e-9000-4e336a585d59,reviewed,"",2026-06-16 08:49:47.610843+00,2026-06-16 08:50:36.004757+00,2026-06-16 08:50:36.339339+00,,,,,f
f30db5cc-6599-481b-813d-f70cd781c6a6,784e956c-6de5-4b53-985d-8fff424fe1c8,923a2cde-4be7-4083-a32b-d5548312542c,reviewed,"",2026-06-16 08:51:45.067974+00,2026-06-16 08:51:53.319696+00,2026-06-16 08:51:53.36802+00,,,,,f
ab2b3a53-c121-4bc8-9428-a2b494947935,784e956c-6de5-4b53-985d-8fff424fe1c8,f81a349a-4d83-4d8a-8c54-b04862b4d63c,reviewed,"",2026-06-16 08:52:42.394238+00,2026-06-16 08:52:49.842141+00,2026-06-16 08:52:49.879452+00,,,,,f
5243d32c-92aa-41c5-812e-c30c24a06e08,784e956c-6de5-4b53-985d-8fff424fe1c8,50f36133-dac0-454a-8d0c-41b9877c387d,reviewed,"",2026-06-16 08:51:20.708922+00,2026-06-16 08:51:26.329071+00,2026-06-16 08:51:26.35308+00,,,,,f
2b70c67a-ca9e-4f5d-bd79-14d6041efa82,784e956c-6de5-4b53-985d-8fff424fe1c8,51905a02-7307-4279-8ee4-d838fefb99f2,reviewed,"",2026-06-16 08:52:31.047597+00,2026-06-16 08:52:36.989556+00,2026-06-16 08:52:37.013922+00,,,,,f
34bf453d-e766-4a7c-8a83-6266a9ec7bf8,784e956c-6de5-4b53-985d-8fff424fe1c8,c24c380b-d81f-43d3-a750-a59961a114ff,reviewed,"",2026-06-16 08:51:58.707516+00,2026-06-16 08:52:08.528818+00,2026-06-16 08:52:08.600947+00,,,,,f
47c19018-1103-4d48-bc89-f29997014f75,784e956c-6de5-4b53-985d-8fff424fe1c8,985d72a7-d4e1-4859-9fd6-d3fb7c35f55c,reviewed,"",2026-06-16 09:39:34.137617+00,2026-06-16 09:39:41.262666+00,2026-06-16 09:39:41.297694+00,,,,,f
df894afe-76a1-4ce2-a703-af2abd619de0,784e956c-6de5-4b53-985d-8fff424fe1c8,3189d0f4-0fec-45f2-86e4-dadbc2967e68,reviewed,"",2026-06-16 08:53:08.103823+00,2026-06-16 08:53:14.446959+00,2026-06-16 08:53:14.480859+00,,,,,f
14854701-9db1-473d-8901-117a171b9048,784e956c-6de5-4b53-985d-8fff424fe1c8,7e83a568-717b-4f95-a388-f1045940d91f,reviewed,"",2026-06-16 08:52:55.898724+00,2026-06-16 08:53:02.50895+00,2026-06-16 08:53:02.546134+00,,,,,f
914c76ec-80fd-4c00-9a7e-f1fbe2f9b88e,784e956c-6de5-4b53-985d-8fff424fe1c8,8b99f6ae-7571-454e-9000-4e336a585d59,reviewed,"",2026-06-16 09:38:34.661228+00,2026-06-16 09:39:25.839766+00,2026-06-16 09:39:26.106134+00,,,,,f
95523ee9-3fa0-4a42-8ba3-f12d9d594c32,784e956c-6de5-4b53-985d-8fff424fe1c8,74b33a37-59b5-4f2a-9248-b81cbbc36c1e,reviewed,"",2026-06-16 09:39:49.855666+00,2026-06-16 09:39:58.822685+00,2026-06-16 09:39:58.860073+00,,,,,f
370eb534-ed4a-4136-b1b4-b676c60447e2,784e956c-6de5-4b53-985d-8fff424fe1c8,ffa1f867-7222-4776-8537-b976ad0556f9,reviewed,"",2026-06-16 09:40:06.543982+00,2026-06-16 09:40:15.268685+00,2026-06-16 09:40:15.295541+00,,,,,f
f18f3f59-b857-462e-a0be-95ef096d98a9,784e956c-6de5-4b53-985d-8fff424fe1c8,50f36133-dac0-454a-8d0c-41b9877c387d,reviewed,"",2026-06-16 09:40:26.017453+00,2026-06-16 09:40:32.608631+00,2026-06-16 09:40:32.631292+00,,,,,f
71ee75ca-1de4-405f-83f6-a62f9c821832,784e956c-6de5-4b53-985d-8fff424fe1c8,73cb0edc-6ad8-442c-bcf7-0e951cbd151d,reviewed,"",2026-06-16 09:40:40.660538+00,2026-06-16 09:40:47.440675+00,2026-06-16 09:40:47.459636+00,,,,,f
ae5b48f2-e14a-4d12-b7ad-97b0105623c8,784e956c-6de5-4b53-985d-8fff424fe1c8,923a2cde-4be7-4083-a32b-d5548312542c,reviewed,"",2026-06-16 09:40:54.43433+00,2026-06-16 09:41:03.774967+00,2026-06-16 09:41:03.831663+00,,,,,f
fcf26810-acde-48a1-8355-1150d9e02097,784e956c-6de5-4b53-985d-8fff424fe1c8,c24c380b-d81f-43d3-a750-a59961a114ff,reviewed,"",2026-06-16 09:41:17.732429+00,2026-06-16 09:41:34.202708+00,2026-06-16 09:41:34.350348+00,,,,,f
9b372d0e-07ec-41a4-a75a-9acec3012c2e,784e956c-6de5-4b53-985d-8fff424fe1c8,8b99f6ae-7571-454e-9000-4e336a585d59,reviewed,"",2026-06-16 12:03:02.870508+00,2026-06-16 12:04:01.9245+00,2026-06-16 12:04:02.236088+00,,,,,f
448242bd-6d69-4cb4-a426-21de6dae2739,784e956c-6de5-4b53-985d-8fff424fe1c8,b85d3b51-3ba4-4266-9ca2-c55c18c02423,reviewed,"",2026-06-16 09:41:41.552958+00,2026-06-16 09:41:54.164031+00,2026-06-16 09:41:54.209825+00,,,,,f
f318d734-ea6b-482e-8f99-de0f908f710f,784e956c-6de5-4b53-985d-8fff424fe1c8,8b99f6ae-7571-454e-9000-4e336a585d59,reviewed,"",2026-06-16 11:17:25.163752+00,2026-06-16 11:18:22.647615+00,2026-06-16 11:18:22.93621+00,,,,,f
b156ec97-5210-4661-bdfa-6df38cbc5c7d,784e956c-6de5-4b53-985d-8fff424fe1c8,51905a02-7307-4279-8ee4-d838fefb99f2,reviewed,"",2026-06-16 09:42:01.669066+00,2026-06-16 09:42:07.595774+00,2026-06-16 09:42:07.622781+00,,,,,f
4ed45db7-6f7a-4902-a8da-bab5904d3d84,784e956c-6de5-4b53-985d-8fff424fe1c8,8b99f6ae-7571-454e-9000-4e336a585d59,reviewed,"",2026-06-16 15:30:24.425353+00,2026-06-16 15:31:20.512126+00,2026-06-16 15:31:20.812285+00,,,,,f
89aa9e95-2ba2-487e-8cca-affff3ed23ab,784e956c-6de5-4b53-985d-8fff424fe1c8,f81a349a-4d83-4d8a-8c54-b04862b4d63c,reviewed,"",2026-06-16 09:42:14.473639+00,2026-06-16 09:42:22.318631+00,2026-06-16 09:42:22.346038+00,,,,,f
fdf6ad97-825b-49f2-9192-f390c268d6fc,784e956c-6de5-4b53-985d-8fff424fe1c8,985d72a7-d4e1-4859-9fd6-d3fb7c35f55c,reviewed,"",2026-06-16 11:18:29.882562+00,2026-06-16 11:18:37.029016+00,2026-06-16 11:18:37.054886+00,,,,,f
c8c093f1-0297-454e-9427-986b5c51a154,784e956c-6de5-4b53-985d-8fff424fe1c8,7e83a568-717b-4f95-a388-f1045940d91f,reviewed,"",2026-06-16 09:42:29.323854+00,2026-06-16 09:42:36.303921+00,2026-06-16 09:42:36.326602+00,,,,,f
8c96d6cb-fb4f-48ff-a4df-c548abcbeb27,784e956c-6de5-4b53-985d-8fff424fe1c8,b85d3b51-3ba4-4266-9ca2-c55c18c02423,reviewed,"",2026-06-16 12:06:11.839352+00,2026-06-16 12:06:23.204009+00,2026-06-16 12:06:23.25561+00,,,,,f
85de2532-40ce-49c5-807e-4eb4d1b57f40,784e956c-6de5-4b53-985d-8fff424fe1c8,985d72a7-d4e1-4859-9fd6-d3fb7c35f55c,reviewed,"",2026-06-16 12:04:09.540172+00,2026-06-16 12:04:17.196557+00,2026-06-16 12:04:17.223925+00,,,,,f
554ea12a-d130-4664-8e05-dd67a39059a5,784e956c-6de5-4b53-985d-8fff424fe1c8,3189d0f4-0fec-45f2-86e4-dadbc2967e68,reviewed,"",2026-06-16 09:42:42.917682+00,2026-06-16 09:42:49.502846+00,2026-06-16 09:42:49.533382+00,,,,,f
576630c8-5b0a-41b8-8f47-83179f3bbc1b,784e956c-6de5-4b53-985d-8fff424fe1c8,74b33a37-59b5-4f2a-9248-b81cbbc36c1e,reviewed,"",2026-06-16 11:18:43.73714+00,2026-06-16 11:18:53.406983+00,2026-06-16 11:18:53.449239+00,,,,,f
6c3d25a6-afc8-4069-9b98-98645bff74d6,784e956c-6de5-4b53-985d-8fff424fe1c8,8b99f6ae-7571-454e-9000-4e336a585d59,reviewed,"",2026-06-16 10:32:11.110966+00,2026-06-16 10:33:10.015746+00,2026-06-16 10:33:10.335982+00,,,,,f
256e28a7-b5ea-408b-91ce-db351a1541d0,784e956c-6de5-4b53-985d-8fff424fe1c8,985d72a7-d4e1-4859-9fd6-d3fb7c35f55c,reviewed,"",2026-06-16 10:33:17.267067+00,2026-06-16 10:33:24.850466+00,2026-06-16 10:33:24.873154+00,,,,,f
726b4859-92d9-4444-9d59-4089e905fe30,784e956c-6de5-4b53-985d-8fff424fe1c8,ffa1f867-7222-4776-8537-b976ad0556f9,reviewed,"",2026-06-16 11:19:00.197636+00,2026-06-16 11:19:06.866779+00,2026-06-16 11:19:06.886739+00,,,,,f
107499ae-7850-442b-bb9c-d29e8171d444,784e956c-6de5-4b53-985d-8fff424fe1c8,74b33a37-59b5-4f2a-9248-b81cbbc36c1e,reviewed,"",2026-06-16 10:33:31.734643+00,2026-06-16 10:33:41.262635+00,2026-06-16 10:33:41.304264+00,,,,,f
277dd4ec-3fe4-4027-b4be-bcee1d0b5ffc,784e956c-6de5-4b53-985d-8fff424fe1c8,51905a02-7307-4279-8ee4-d838fefb99f2,in_progress,"",2026-06-16 12:06:30.603452+00,,,,,,,f
f310161c-a4f3-4d2c-ac6b-ae0c5b08385f,784e956c-6de5-4b53-985d-8fff424fe1c8,74b33a37-59b5-4f2a-9248-b81cbbc36c1e,reviewed,"",2026-06-16 12:04:23.824834+00,2026-06-16 12:04:33.966186+00,2026-06-16 12:04:34.007628+00,,,,,f
b313736c-b438-47a2-8c20-d511854a25de,784e956c-6de5-4b53-985d-8fff424fe1c8,ffa1f867-7222-4776-8537-b976ad0556f9,reviewed,"",2026-06-16 10:33:48.094516+00,2026-06-16 10:33:54.698893+00,2026-06-16 10:33:54.725518+00,,,,,f
9bacbf8a-eea3-464e-9a4a-c578d327134a,784e956c-6de5-4b53-985d-8fff424fe1c8,50f36133-dac0-454a-8d0c-41b9877c387d,reviewed,"",2026-06-16 11:19:13.887234+00,2026-06-16 11:19:20.55483+00,2026-06-16 11:19:20.575558+00,,,,,f
e034ae36-4223-4384-a36f-2f9e9bd89c3e,784e956c-6de5-4b53-985d-8fff424fe1c8,50f36133-dac0-454a-8d0c-41b9877c387d,reviewed,"",2026-06-16 10:34:01.361394+00,2026-06-16 10:34:08.271989+00,2026-06-16 10:34:08.300058+00,,,,,f
7f3a4957-bbf3-4d03-a915-287c9f0b2753,784e956c-6de5-4b53-985d-8fff424fe1c8,73cb0edc-6ad8-442c-bcf7-0e951cbd151d,reviewed,"",2026-06-16 10:34:15.717244+00,2026-06-16 10:34:23.068912+00,2026-06-16 10:34:23.087065+00,,,,,f
f005a29c-1a61-4047-924f-a9ba1daef560,784e956c-6de5-4b53-985d-8fff424fe1c8,73cb0edc-6ad8-442c-bcf7-0e951cbd151d,reviewed,"",2026-06-16 11:19:27.348164+00,2026-06-16 11:19:34.750446+00,2026-06-16 11:19:34.779947+00,,,,,f
2ace6e24-87ad-4c8a-9614-13cb1cd0e0d0,784e956c-6de5-4b53-985d-8fff424fe1c8,923a2cde-4be7-4083-a32b-d5548312542c,reviewed,"",2026-06-16 10:34:30.019811+00,2026-06-16 10:34:39.947085+00,2026-06-16 10:34:39.997572+00,,,,,f
6e0508c5-aa2a-47d4-abbe-2946d06c450c,784e956c-6de5-4b53-985d-8fff424fe1c8,50f36133-dac0-454a-8d0c-41b9877c387d,reviewed,"",2026-06-16 14:47:34.128556+00,2026-06-16 14:47:40.869464+00,2026-06-16 14:47:40.890472+00,,,,,f
c2aa9dd7-a9d9-4bcc-97ad-faff17719cb4,784e956c-6de5-4b53-985d-8fff424fe1c8,ffa1f867-7222-4776-8537-b976ad0556f9,reviewed,"",2026-06-16 12:04:41.104637+00,2026-06-16 12:04:48.067602+00,2026-06-16 12:04:48.091027+00,,,,,f
d35e4a5e-8c61-4ea3-8921-b7e03177df2d,784e956c-6de5-4b53-985d-8fff424fe1c8,c24c380b-d81f-43d3-a750-a59961a114ff,reviewed,"",2026-06-16 10:34:46.764242+00,2026-06-16 10:34:58.069748+00,2026-06-16 10:34:58.119253+00,,,,,f
fd3461d6-06a9-4385-8814-c138814da1d5,784e956c-6de5-4b53-985d-8fff424fe1c8,923a2cde-4be7-4083-a32b-d5548312542c,reviewed,"",2026-06-16 11:19:41.401746+00,2026-06-16 11:19:50.804534+00,2026-06-16 11:19:50.844277+00,,,,,f
1bf38cfe-6d50-45d0-928b-0e78ad991fc9,784e956c-6de5-4b53-985d-8fff424fe1c8,b85d3b51-3ba4-4266-9ca2-c55c18c02423,reviewed,"",2026-06-16 10:35:05.475963+00,2026-06-16 10:35:16.850583+00,2026-06-16 10:35:16.895639+00,,,,,f
109c25af-7506-4336-ae6c-c35b90882216,784e956c-6de5-4b53-985d-8fff424fe1c8,51905a02-7307-4279-8ee4-d838fefb99f2,reviewed,"",2026-06-16 10:35:23.91254+00,2026-06-16 10:35:30.678796+00,2026-06-16 10:35:30.703893+00,,,,,f
294bb64b-6b31-412c-9030-eadff0554455,784e956c-6de5-4b53-985d-8fff424fe1c8,8b99f6ae-7571-454e-9000-4e336a585d59,reviewed,"",2026-06-16 14:45:43.710872+00,2026-06-16 14:46:41.271394+00,2026-06-16 14:46:41.572418+00,,,,,f
b2fcb5be-6561-445c-80d6-f1d4670efac4,784e956c-6de5-4b53-985d-8fff424fe1c8,c24c380b-d81f-43d3-a750-a59961a114ff,reviewed,"",2026-06-16 11:19:58.069595+00,2026-06-16 11:20:09.127297+00,2026-06-16 11:20:09.178692+00,,,,,f
d5ec9cc6-2fc6-401a-99c4-adde09c6db98,784e956c-6de5-4b53-985d-8fff424fe1c8,50f36133-dac0-454a-8d0c-41b9877c387d,reviewed,"",2026-06-16 12:04:55.109129+00,2026-06-16 12:05:01.806706+00,2026-06-16 12:05:01.843007+00,,,,,f
a542af4b-cc73-4d7d-8861-7a7d226f1ee0,784e956c-6de5-4b53-985d-8fff424fe1c8,b85d3b51-3ba4-4266-9ca2-c55c18c02423,reviewed,"",2026-06-16 11:20:18.000418+00,2026-06-16 11:20:33.065792+00,2026-06-16 11:20:33.111995+00,,,,,f
72b9eb12-5b14-4abd-bb60-3d01580fb0d5,784e956c-6de5-4b53-985d-8fff424fe1c8,51905a02-7307-4279-8ee4-d838fefb99f2,reviewed,"",2026-06-16 11:20:40.005618+00,2026-06-16 11:20:46.241238+00,2026-06-16 11:20:46.262036+00,,,,,f
91adf301-91cf-4042-a17d-27c446816be5,784e956c-6de5-4b53-985d-8fff424fe1c8,f81a349a-4d83-4d8a-8c54-b04862b4d63c,in_progress,"",2026-06-16 11:20:53.182444+00,,,,,,,f
b4d179be-1c61-4b20-b593-4e420640160e,784e956c-6de5-4b53-985d-8fff424fe1c8,73cb0edc-6ad8-442c-bcf7-0e951cbd151d,reviewed,"",2026-06-16 12:05:10.054257+00,2026-06-16 12:05:18.106988+00,2026-06-16 12:05:18.128961+00,,,,,f
ceb44314-2cb0-4733-b4ff-97d4915b412c,784e956c-6de5-4b53-985d-8fff424fe1c8,b85d3b51-3ba4-4266-9ca2-c55c18c02423,reviewed,"",2026-06-16 14:48:37.655696+00,2026-06-16 14:48:48.933407+00,2026-06-16 14:48:48.975787+00,,,,,f
224b324e-a953-43a4-a9c9-a5be22e834c6,784e956c-6de5-4b53-985d-8fff424fe1c8,985d72a7-d4e1-4859-9fd6-d3fb7c35f55c,reviewed,"",2026-06-16 14:46:48.328002+00,2026-06-16 14:46:55.697905+00,2026-06-16 14:46:55.726282+00,,,,,f
783a3db7-d0d0-44d9-b37b-7d3c7d66174f,784e956c-6de5-4b53-985d-8fff424fe1c8,923a2cde-4be7-4083-a32b-d5548312542c,reviewed,"",2026-06-16 12:05:27.49955+00,2026-06-16 12:05:41.576906+00,2026-06-16 12:05:41.616063+00,,,,,f
214d4f69-13fe-410b-a84c-de9b4780040d,784e956c-6de5-4b53-985d-8fff424fe1c8,73cb0edc-6ad8-442c-bcf7-0e951cbd151d,reviewed,"",2026-06-16 14:47:47.828534+00,2026-06-16 14:47:55.069303+00,2026-06-16 14:47:55.089687+00,,,,,f
6c107b22-0b27-4846-8894-081e80b06261,784e956c-6de5-4b53-985d-8fff424fe1c8,c24c380b-d81f-43d3-a750-a59961a114ff,reviewed,"",2026-06-16 12:05:53.473561+00,2026-06-16 12:06:04.844955+00,2026-06-16 12:06:04.896439+00,,,,,f
e0cf0cdd-7f36-4526-b9cf-67aa2be3ab90,784e956c-6de5-4b53-985d-8fff424fe1c8,74b33a37-59b5-4f2a-9248-b81cbbc36c1e,reviewed,"",2026-06-16 14:47:02.42249+00,2026-06-16 14:47:12.583186+00,2026-06-16 14:47:12.632533+00,,,,,f
3355651a-ecad-46ff-a614-9e467a03ac7e,784e956c-6de5-4b53-985d-8fff424fe1c8,74b33a37-59b5-4f2a-9248-b81cbbc36c1e,reviewed,"",2026-06-16 15:31:41.241373+00,2026-06-16 15:31:50.528087+00,2026-06-16 15:31:50.569544+00,,,,,f
e9db52df-0bfc-4c2c-835b-a4eed8b48d3c,784e956c-6de5-4b53-985d-8fff424fe1c8,923a2cde-4be7-4083-a32b-d5548312542c,reviewed,"",2026-06-16 14:48:02.052477+00,2026-06-16 14:48:11.904368+00,2026-06-16 14:48:11.945635+00,,,,,f
4c1fa69e-b9a2-4dbc-828f-76210c93a087,784e956c-6de5-4b53-985d-8fff424fe1c8,ffa1f867-7222-4776-8537-b976ad0556f9,reviewed,"",2026-06-16 14:47:19.869375+00,2026-06-16 14:47:26.513741+00,2026-06-16 14:47:26.541652+00,,,,,f
3aa928ff-9351-44c5-a829-e986b0bc2325,784e956c-6de5-4b53-985d-8fff424fe1c8,51905a02-7307-4279-8ee4-d838fefb99f2,reviewed,"",2026-06-16 14:48:56.137282+00,2026-06-16 14:49:02.42022+00,2026-06-16 14:49:02.444288+00,,,,,f
f8375171-a7a9-4c08-9839-00454ef43cf2,784e956c-6de5-4b53-985d-8fff424fe1c8,f81a349a-4d83-4d8a-8c54-b04862b4d63c,pending,"",2026-06-16 14:49:09.380947+00,,,,,,,f
2f21f4ad-62f3-42d9-9e95-622bd4cf2813,784e956c-6de5-4b53-985d-8fff424fe1c8,c24c380b-d81f-43d3-a750-a59961a114ff,reviewed,"",2026-06-16 14:48:19.478151+00,2026-06-16 14:48:30.488975+00,2026-06-16 14:48:30.543432+00,,,,,f
e336ccf7-1c7f-40cc-9fe8-6b469af706c3,784e956c-6de5-4b53-985d-8fff424fe1c8,985d72a7-d4e1-4859-9fd6-d3fb7c35f55c,reviewed,"",2026-06-16 15:31:27.599881+00,2026-06-16 15:31:34.711206+00,2026-06-16 15:31:34.735254+00,,,,,f
dabe8302-94ba-48e4-9b77-7a6edfef3648,784e956c-6de5-4b53-985d-8fff424fe1c8,73cb0edc-6ad8-442c-bcf7-0e951cbd151d,reviewed,"",2026-06-16 15:32:24.091752+00,2026-06-16 15:32:31.218877+00,2026-06-16 15:32:31.241767+00,,,,,f
89de6acb-1dde-46cb-8907-f1070a757f1d,784e956c-6de5-4b53-985d-8fff424fe1c8,ffa1f867-7222-4776-8537-b976ad0556f9,reviewed,"",2026-06-16 15:31:57.422961+00,2026-06-16 15:32:03.868132+00,2026-06-16 15:32:03.898864+00,,,,,f
12a3a075-5397-43c6-8ce0-1d66d85a4bc0,784e956c-6de5-4b53-985d-8fff424fe1c8,50f36133-dac0-454a-8d0c-41b9877c387d,reviewed,"",2026-06-16 15:32:11.091057+00,2026-06-16 15:32:17.347821+00,2026-06-16 15:32:17.369827+00,,,,,f
4f61671c-5dd2-4e4a-9d1c-3c8cb8f32da3,784e956c-6de5-4b53-985d-8fff424fe1c8,923a2cde-4be7-4083-a32b-d5548312542c,reviewed,"",2026-06-16 15:32:37.994139+00,2026-06-16 15:32:47.156296+00,2026-06-16 15:32:47.193134+00,,,,,f
faf46cb5-649f-4c91-8178-fd406a9a0545,784e956c-6de5-4b53-985d-8fff424fe1c8,c24c380b-d81f-43d3-a750-a59961a114ff,reviewed,"",2026-06-16 15:32:53.861274+00,2026-06-16 15:33:04.6414+00,2026-06-16 15:33:04.698462+00,,,,,f
7b98fff4-99f1-4de4-acb1-464e17ff395b,784e956c-6de5-4b53-985d-8fff424fe1c8,b85d3b51-3ba4-4266-9ca2-c55c18c02423,reviewed,"",2026-06-16 15:33:11.346677+00,2026-06-16 15:33:22.015911+00,2026-06-16 15:33:22.088412+00,,,,,f
4b23ab4c-b47d-4f7e-850e-614eeab887fb,784e956c-6de5-4b53-985d-8fff424fe1c8,51905a02-7307-4279-8ee4-d838fefb99f2,reviewed,"",2026-06-16 15:33:28.751573+00,2026-06-16 15:33:34.612936+00,2026-06-16 15:33:34.630075+00,,,,,f
77847fe6-5b4d-46ac-a791-05e0c1f0769c,784e956c-6de5-4b53-985d-8fff424fe1c8,f81a349a-4d83-4d8a-8c54-b04862b4d63c,reviewed,"",2026-06-16 15:33:41.269469+00,2026-06-16 15:33:49.673344+00,2026-06-16 15:33:49.710829+00,,,,,f
8f57bd2c-4faf-4deb-881d-cbbb35e2c782,784e956c-6de5-4b53-985d-8fff424fe1c8,7e83a568-717b-4f95-a388-f1045940d91f,reviewed,"",2026-06-16 15:33:56.305899+00,2026-06-16 15:34:03.104382+00,2026-06-16 15:34:03.13405+00,,,,,f
2dc7c512-dc53-42b2-8b2f-382621d3caf0,784e956c-6de5-4b53-985d-8fff424fe1c8,3189d0f4-0fec-45f2-86e4-dadbc2967e68,reviewed,"",2026-06-16 15:34:10.315743+00,2026-06-16 15:34:17.396777+00,2026-06-16 15:34:17.423809+00,,,,,f
4714bdc2-8585-444f-99f9-dbd303180862,784e956c-6de5-4b53-985d-8fff424fe1c8,3189d0f4-0fec-45f2-86e4-dadbc2967e68,reviewed,"",2026-06-16 17:26:24.846966+00,2026-06-16 17:26:33.505123+00,2026-06-16 17:26:33.547151+00,,,,,f
0f4b99c0-415c-4175-943b-a014844cb0c2,784e956c-6de5-4b53-985d-8fff424fe1c8,8b99f6ae-7571-454e-9000-4e336a585d59,reviewed,"",2026-06-16 16:40:32.008155+00,2026-06-16 16:41:30.120012+00,2026-06-16 16:41:30.418806+00,,,,,f
549ff06a-7aa1-4251-894f-d5940d598128,784e956c-6de5-4b53-985d-8fff424fe1c8,74b33a37-59b5-4f2a-9248-b81cbbc36c1e,reviewed,"",2026-06-16 17:24:02.427735+00,2026-06-16 17:24:10.875538+00,2026-06-16 17:24:10.91334+00,,,,,f
f2248a92-adcb-4d03-b28a-899062abf08a,784e956c-6de5-4b53-985d-8fff424fe1c8,985d72a7-d4e1-4859-9fd6-d3fb7c35f55c,reviewed,"",2026-06-16 16:41:37.442041+00,2026-06-16 16:41:44.699818+00,2026-06-16 16:41:44.738018+00,,,,,f
35e85a61-0e31-4cd2-95a8-1c43c11b2a5d,784e956c-6de5-4b53-985d-8fff424fe1c8,c24c380b-d81f-43d3-a750-a59961a114ff,reviewed,"",2026-06-16 18:09:19.526909+00,2026-06-16 18:09:29.61395+00,2026-06-16 18:09:29.671874+00,,,,,f
418ea770-83fc-4868-b3a0-7303bc6b78e6,784e956c-6de5-4b53-985d-8fff424fe1c8,74b33a37-59b5-4f2a-9248-b81cbbc36c1e,reviewed,"",2026-06-16 16:41:52.027094+00,2026-06-16 16:42:01.342196+00,2026-06-16 16:42:01.395035+00,,,,,f
7c698afd-2cfe-4d85-9202-a3dd8ee0e962,784e956c-6de5-4b53-985d-8fff424fe1c8,ffa1f867-7222-4776-8537-b976ad0556f9,reviewed,"",2026-06-16 17:24:17.049612+00,2026-06-16 17:24:23.530168+00,2026-06-16 17:24:23.556919+00,,,,,f
8371f0ac-22b8-4a10-92ce-3d970716ec9c,784e956c-6de5-4b53-985d-8fff424fe1c8,ffa1f867-7222-4776-8537-b976ad0556f9,reviewed,"",2026-06-16 16:42:08.465976+00,2026-06-16 16:42:14.997605+00,2026-06-16 16:42:15.026186+00,,,,,f
31fb9ab8-5468-4c0d-b9bc-345f54e5837a,784e956c-6de5-4b53-985d-8fff424fe1c8,8b99f6ae-7571-454e-9000-4e336a585d59,reviewed,"",2026-06-16 18:07:07.477161+00,2026-06-16 18:07:56.802847+00,2026-06-16 18:07:57.155889+00,,,,,f
1375fbe1-be13-4438-a6e1-616408c8f1dc,784e956c-6de5-4b53-985d-8fff424fe1c8,50f36133-dac0-454a-8d0c-41b9877c387d,reviewed,"",2026-06-16 16:42:21.987833+00,2026-06-16 16:42:28.78027+00,2026-06-16 16:42:28.802411+00,,,,,f
6c195eaa-a733-4222-8bc2-b1039e7b49e8,784e956c-6de5-4b53-985d-8fff424fe1c8,50f36133-dac0-454a-8d0c-41b9877c387d,reviewed,"",2026-06-16 17:24:29.449424+00,2026-06-16 17:24:35.341358+00,2026-06-16 17:24:35.365934+00,,,,,f
9c3ddca2-aa4a-4929-a7f9-f15926ebd1e1,784e956c-6de5-4b53-985d-8fff424fe1c8,73cb0edc-6ad8-442c-bcf7-0e951cbd151d,reviewed,"",2026-06-16 16:42:35.477281+00,2026-06-16 16:42:42.643294+00,2026-06-16 16:42:42.672408+00,,,,,f
b69542cc-1124-438b-8c7e-9270bca1e277,784e956c-6de5-4b53-985d-8fff424fe1c8,923a2cde-4be7-4083-a32b-d5548312542c,reviewed,"",2026-06-16 16:42:49.397209+00,2026-06-16 16:42:58.897504+00,2026-06-16 16:42:58.940433+00,,,,,f
4abcba17-dc50-4896-93c4-0dd81f4ae2f8,784e956c-6de5-4b53-985d-8fff424fe1c8,73cb0edc-6ad8-442c-bcf7-0e951cbd151d,reviewed,"",2026-06-16 17:24:41.029507+00,2026-06-16 17:24:47.319996+00,2026-06-16 17:24:47.340928+00,,,,,f
57b32e64-759a-4168-b9c9-915b177b80ee,784e956c-6de5-4b53-985d-8fff424fe1c8,c24c380b-d81f-43d3-a750-a59961a114ff,reviewed,"",2026-06-16 16:43:06.410194+00,2026-06-16 16:43:18.224974+00,2026-06-16 16:43:18.275142+00,,,,,f
289fda72-01b8-4887-9f6d-4a6c51a854e8,784e956c-6de5-4b53-985d-8fff424fe1c8,985d72a7-d4e1-4859-9fd6-d3fb7c35f55c,reviewed,"",2026-06-16 18:08:03.73014+00,2026-06-16 18:08:10.32479+00,2026-06-16 18:08:10.357616+00,,,,,f
2ae1239d-98de-4e26-8e06-78af0bdf2eda,784e956c-6de5-4b53-985d-8fff424fe1c8,b85d3b51-3ba4-4266-9ca2-c55c18c02423,reviewed,"",2026-06-16 16:43:24.807252+00,2026-06-16 16:43:36.204239+00,2026-06-16 16:43:36.252856+00,,,,,f
5cec9b71-41e5-44ed-9c86-a5a0667893c9,784e956c-6de5-4b53-985d-8fff424fe1c8,923a2cde-4be7-4083-a32b-d5548312542c,reviewed,"",2026-06-16 17:24:53.154809+00,2026-06-16 17:25:01.692575+00,2026-06-16 17:25:01.74865+00,,,,,f
5d0b08d4-6136-4819-9db7-cfd1c9eee701,784e956c-6de5-4b53-985d-8fff424fe1c8,51905a02-7307-4279-8ee4-d838fefb99f2,reviewed,"",2026-06-16 16:43:42.715398+00,2026-06-16 16:43:48.913129+00,2026-06-16 16:43:48.941253+00,,,,,f
e9477cbb-971f-4d87-8873-401f05c8394c,784e956c-6de5-4b53-985d-8fff424fe1c8,b85d3b51-3ba4-4266-9ca2-c55c18c02423,reviewed,"",2026-06-16 18:09:35.193781+00,2026-06-16 18:09:44.90047+00,2026-06-16 18:09:44.939679+00,,,,,f
573e3e11-8c5b-4f41-9adc-0067b91d6ad9,784e956c-6de5-4b53-985d-8fff424fe1c8,f81a349a-4d83-4d8a-8c54-b04862b4d63c,reviewed,"",2026-06-16 16:43:55.307857+00,2026-06-16 16:44:04.106694+00,2026-06-16 16:44:04.143677+00,,,,,f
e0b28881-156b-4984-9814-191571c81820,784e956c-6de5-4b53-985d-8fff424fe1c8,c24c380b-d81f-43d3-a750-a59961a114ff,reviewed,"",2026-06-16 17:25:08.032596+00,2026-06-16 17:25:18.429609+00,2026-06-16 17:25:18.482723+00,,,,,f
a7de0665-5d7a-460f-879e-f243ede611c0,784e956c-6de5-4b53-985d-8fff424fe1c8,7e83a568-717b-4f95-a388-f1045940d91f,reviewed,"",2026-06-16 16:44:11.061538+00,2026-06-16 16:44:18.552148+00,2026-06-16 16:44:18.581592+00,,,,,f
524b3e74-0a9f-4f48-944c-297daa2f6330,784e956c-6de5-4b53-985d-8fff424fe1c8,3189d0f4-0fec-45f2-86e4-dadbc2967e68,in_progress,"",2026-06-16 16:44:25.437259+00,,,,,,,f
2e02bd07-b923-4bdf-9fef-294ca92b6f0c,784e956c-6de5-4b53-985d-8fff424fe1c8,74b33a37-59b5-4f2a-9248-b81cbbc36c1e,reviewed,"",2026-06-16 18:08:16.560426+00,2026-06-16 18:08:24.208692+00,2026-06-16 18:08:24.236947+00,,,,,f
278ab83d-7bdf-4e29-b928-ae0fe0bf4cf4,784e956c-6de5-4b53-985d-8fff424fe1c8,8b99f6ae-7571-454e-9000-4e336a585d59,reviewed,"",2026-06-16 17:22:52.958936+00,2026-06-16 17:23:43.469094+00,2026-06-16 17:23:43.809003+00,,,,,f
cd6904ba-e73d-4799-8828-d5de617bc176,784e956c-6de5-4b53-985d-8fff424fe1c8,b85d3b51-3ba4-4266-9ca2-c55c18c02423,reviewed,"",2026-06-16 17:25:24.829639+00,2026-06-16 17:25:34.746173+00,2026-06-16 17:25:34.799757+00,,,,,f
dc81ec99-a309-4393-a0c0-20976aba9f17,784e956c-6de5-4b53-985d-8fff424fe1c8,985d72a7-d4e1-4859-9fd6-d3fb7c35f55c,reviewed,"",2026-06-16 17:23:49.889451+00,2026-06-16 17:23:56.528831+00,2026-06-16 17:23:56.555872+00,,,,,f
f2090418-1fa6-48ab-bc89-c636cca97312,784e956c-6de5-4b53-985d-8fff424fe1c8,51905a02-7307-4279-8ee4-d838fefb99f2,reviewed,"",2026-06-16 17:25:40.920088+00,2026-06-16 17:25:46.541438+00,2026-06-16 17:25:46.566139+00,,,,,f
a62d2efc-e405-41e6-83a8-0db89a037908,784e956c-6de5-4b53-985d-8fff424fe1c8,ffa1f867-7222-4776-8537-b976ad0556f9,reviewed,"",2026-06-16 18:08:29.676021+00,2026-06-16 18:08:35.559367+00,2026-06-16 18:08:35.590184+00,,,,,f
1f88d4dd-0e56-47de-987d-f620fe39dda3,784e956c-6de5-4b53-985d-8fff424fe1c8,f81a349a-4d83-4d8a-8c54-b04862b4d63c,reviewed,"",2026-06-16 17:25:53.056156+00,2026-06-16 17:26:00.666213+00,2026-06-16 17:26:00.720212+00,,,,,f
faaad638-b2d6-49ec-a373-99bb07e8590b,784e956c-6de5-4b53-985d-8fff424fe1c8,51905a02-7307-4279-8ee4-d838fefb99f2,reviewed,"",2026-06-16 18:09:50.492276+00,2026-06-16 18:09:55.935277+00,2026-06-16 18:09:55.956496+00,,,,,f
78a04a97-6801-478e-85d9-1a99d1dc323c,784e956c-6de5-4b53-985d-8fff424fe1c8,7e83a568-717b-4f95-a388-f1045940d91f,reviewed,"",2026-06-16 17:26:08.478283+00,2026-06-16 17:26:16.771203+00,2026-06-16 17:26:16.797002+00,,,,,f
ea7b5977-6a22-4949-99ab-215013bb9ecb,784e956c-6de5-4b53-985d-8fff424fe1c8,50f36133-dac0-454a-8d0c-41b9877c387d,reviewed,"",2026-06-16 18:08:42.260468+00,2026-06-16 18:08:47.979244+00,2026-06-16 18:08:48.011061+00,,,,,f
1e55b319-fb12-4e80-be1f-5acd6aadd7b2,784e956c-6de5-4b53-985d-8fff424fe1c8,73cb0edc-6ad8-442c-bcf7-0e951cbd151d,reviewed,"",2026-06-16 18:08:53.549612+00,2026-06-16 18:09:00.123311+00,2026-06-16 18:09:00.147244+00,,,,,f
1382ec1f-24e3-4bc4-8e6d-e4f663dc9b4d,784e956c-6de5-4b53-985d-8fff424fe1c8,f81a349a-4d83-4d8a-8c54-b04862b4d63c,reviewed,"",2026-06-16 18:10:01.457228+00,2026-06-16 18:10:10.872277+00,2026-06-16 18:10:10.912296+00,,,,,f
d802ef9f-fb22-4c23-97da-2c03d9d8b64a,784e956c-6de5-4b53-985d-8fff424fe1c8,923a2cde-4be7-4083-a32b-d5548312542c,reviewed,"",2026-06-16 18:09:05.615196+00,2026-06-16 18:09:13.933922+00,2026-06-16 18:09:13.986784+00,,,,,f
b10c74c6-c52c-4491-8120-0949d0b6b1ce,784e956c-6de5-4b53-985d-8fff424fe1c8,7e83a568-717b-4f95-a388-f1045940d91f,reviewed,"",2026-06-16 18:10:17.456536+00,2026-06-16 18:10:24.188401+00,2026-06-16 18:10:24.21805+00,,,,,f
c199fb2a-7873-4b45-815d-26922c5c7f26,784e956c-6de5-4b53-985d-8fff424fe1c8,3189d0f4-0fec-45f2-86e4-dadbc2967e68,reviewed,"",2026-06-16 18:10:29.6454+00,2026-06-16 18:10:36.031551+00,2026-06-16 18:10:36.069001+00,,,,,f
